Workbook
Name ChestValueDeadwoodCanyon: 'Chest Rates'!$B$65:$S$71
Name ChestDataCavesofFear: 'Chest Rates'!$B$29:$G$39
Name ChestValueCavesofFear: 'Chest Rates'!$B$74:$S$80
Name ClearsPerEnchantmentRockyPlateau: 'Chest Rates'!$C$131:$S$151
Name ChestValueMushroomForest: 'Chest Rates'!$B$83:$S$89
Name ChestValueIcyRidge: 'Chest Rates'!$B$110:$S$116
Name ClearsPerEnchantmentCavesofFear: 'Chest Rates'!$C$181:$S$201
Name ChestValueHauntedHalls: 'Chest Rates'!$B$92:$S$98
Name ChestDataHauntedHalls: 'Chest Rates'!$I$3:$N$13
Name ClearsPerEnchantmentTemple: 'Chest Rates'!$C$306:$S$326
Name ClearsPerEnchantmentMushroomForest: 'Chest Rates'!$C$206:$S$226
Name ChestDataIcyRidge: 'Chest Rates'!$I$29:$N$39
Name ChestDataTemple: 'Chest Rates'!$I$42:$N$52
Name ClearsPerEnchantmentHauntedHalls: 'Chest Rates'!$C$231:$S$251
Name ChestValueBoilingMine: 'Chest Rates'!$B$101:$S$107
Name ChestDataMushroomForest: 'Chest Rates'!$B$42:$G$52
Name ClearsPerEnchantmentIcyRidge: 'Chest Rates'!$C$281:$S$301
Name ClearsPerEnchantmentBoilingMine: 'Chest Rates'!$C$256:$S$276
Name ChestDataBoilingMine: 'Chest Rates'!$I$16:$N$26
Name ChestValueRockyPlateau: 'Chest Rates'!$B$56:$S$62
Name ChestDataDeadwoodCanyon: 'Chest Rates'!$B$16:$G$26
Name ClearsPerEnchantmentDeadwoodCanyon: 'Chest Rates'!$C$156:$S$176
Name ChestValueTemple: 'Chest Rates'!$B$119:$S$125
Name ChestDataRockyPlateau: 'Chest Rates'!$B$3:$G$13

Sheet Enchant Stats
D3: Common | F3: Uncommon | H3: Rare | J3: Heroic | L3: Epic | N3: Legendary | P3: Transcendent
B4: · Humble · | D4: 122880 | F4: 1024 | H4: 64
B5: o Common o | D5: 109600 | F5: 1024 | H5: 61 | J5: 11
B6: 8 Giant 8 | D6: 15800 | F6: 2180 | H6: 158 | J6: 32
B7: Ω Omega Ω | D7: 1000 | F7: 530 | H7: 240 | J7: 27 | L7: 3
B8: Δ Delta Δ | D8: 200 | F8: 26 | H8: 90 | J8: 69 | L8: 14 | N8: 1
B9: Skullnata | D9: 400 | F9: 50 | H9: 240 | J9: 101 | L9: 8 | N9: 1
B12: Enchant Rank | E12: 1 | F12: 2 | G12: 3 | H12: 4 | I12: 5 | J12: 6 | K12: 7 | L12: 8 | M12: 9 | N12: 10 | O12: 11 | P12: 12 | Q12: 13 | R12: 14 | S12: 15 | T12: 16 | U12: 17 | V12: 18 | W12: 19 | X12: 20 | Y12: 21
B13: Total Value | E13: 1 | F13: 4 | G13: 7 | H13: 19 | I13: 31 | J13: 43 | K13: 100 | L13: 157 | M13: 214 | N13: 271 | O13: 571 | P13: 871 | Q13: 1171 | R13: 1471 | S13: 1771 | T13: 3484 | U13: 5197 | V13: 6910 | W13: 8623 | X13: 10336 | Y13: 12049
B14: Req. For Rank-up | E14: 3 | F14: 3 | G14: 12 | H14: 12 | I14: 12 | J14: 57 | K14: 57 | L14: 57 | M14: 57 | N14: 300 | O14: 300 | P14: 300 | Q14: 300 | R14: 300 | S14: 1713 | T14: 1713 | U14: 1713 | V14: 1713 | W14: 1713 | X14: 1713 | Y14: 10452
B15: 3x Equivalency | E15: +1 | F15: +1 | G15: +2 | H15: +2 | I15: +2 | J15: +4 | K15: +4 | L15: +4 | M15: +4 | N15: +7 | O15: +7 | P15: +7 | Q15: +7 | R15: +7 | S15: +11 | T15: +11 | U15: +11 | V15: +11 | W15: +11 | X15: +11 | Y15: +16
D18: Common | E18: Uncommon | F18: Rare | H18: Heroic | K18: Epic | O18: Legendary | T18: Transcendent
B19: · Humble · | D19: =IF(1-SUM(E19:T19) = 0, , 1-SUM(E19:T19)) -> 0.99114583 | E19: =IF(F4/$D4 = 0, , F4/$D4) -> 0.0083333333 | F19: =IF(H4/$D4 = 0, , H4/$D4) -> 0.00052083333 | H19: =IF(J4/$D4 = 0, , J4/$D4) | K19: =IF(L4/$D4 = 0, , L4/$D4) | O19: =IF(N4/$D4 = 0, , N4/$D4) | T19: =IF(P4/$D4 = 0, , P4/$D4)
B20: o Common o | D20: =IF(1-SUM(E20:T20) = 0, , 1-SUM(E20:T20)) -> 0.99 | E20: =IF(F5/$D5 = 0, , F5/$D5) -> 0.0093430657 | F20: =IF(H5/$D5 = 0, , H5/$D5) -> 0.00055656934 | H20: =IF(J5/$D5 = 0, , J5/$D5) -> 0.00010036496 | K20: =IF(L5/$D5 = 0, , L5/$D5) | O20: =IF(N5/$D5 = 0, , N5/$D5) | T20: =IF(P5/$D5 = 0, , P5/$D5)
B21: 8 Giant 8 | D21: =IF(1-SUM(E21:T21) = 0, , 1-SUM(E21:T21)) -> 0.85 | E21: =IF(F6/$D6 = 0, , F6/$D6) -> 0.13797468 | F21: =IF(H6/$D6 = 0, , H6/$D6) -> 0.01 | H21: =IF(J6/$D6 = 0, , J6/$D6) -> 0.0020253165 | K21: =IF(L6/$D6 = 0, , L6/$D6) | O21: =IF(N6/$D6 = 0, , N6/$D6) | T21: =IF(P6/$D6 = 0, , P6/$D6)
B22: Ω Omega Ω | D22: =IF(1-SUM(E22:T22) = 0, , 1-SUM(E22:T22)) -> 0.2 | E22: =IF(F7/$D7 = 0, , F7/$D7) -> 0.53 | F22: =IF(H7/$D7 = 0, , H7/$D7) -> 0.24 | H22: =IF(J7/$D7 = 0, , J7/$D7) -> 0.027 | K22: =IF(L7/$D7 = 0, , L7/$D7) -> 0.003 | O22: =IF(N7/$D7 = 0, , N7/$D7) | T22: =IF(P7/$D7 = 0, , P7/$D7)
B23: Δ Delta Δ | D23: =IF(1-SUM(E23:T23) = 0, , 1-SUM(E23:T23)) | E23: =IF(F8/$D8 = 0, , F8/$D8) -> 0.13 | F23: =IF(H8/$D8 = 0, , H8/$D8) -> 0.45 | H23: =IF(J8/$D8 = 0, , J8/$D8) -> 0.345 | K23: =IF(L8/$D8 = 0, , L8/$D8) -> 0.07 | O23: =IF(N8/$D8 = 0, , N8/$D8) -> 0.005 | T23: =IF(P8/$D8 = 0, , P8/$D8)
B24: Skullnata | D24: =IF(1-SUM(E24:T24) = 0, , 1-SUM(E24:T24)) | E24: =IF(F9/$D9 = 0, , F9/$D9) -> 0.125 | F24: =IF(H9/$D9 = 0, , H9/$D9) -> 0.6 | H24: =IF(J9/$D9 = 0, , J9/$D9) -> 0.2525 | K24: =IF(L9/$D9 = 0, , L9/$D9) -> 0.02 | O24: =IF(N9/$D9 = 0, , N9/$D9) -> 0.0025 | T24: =IF(U9/$D9 = 0, , U9/$D9)
B27: Enchant Rank | D27: 0 | E27: 1 | F27: 2 | G27: 3 | H27: 4 | I27: 5 | J27: 6 | K27: 7 | L27: 8 | M27: 9 | N27: 10 | O27: 11 | P27: 12 | Q27: 13 | R27: 14 | S27: 15 | T27: 16 | U27: 17 | V27: 18 | W27: 19 | X27: 20 | Y27: 21
B28: · Humble · | D28: =IF(D19/1 = 0, ,D19/1) -> 0.99114583 | E28: =IF(E19/1 = 0, ,E19/1) -> 0.0083333333 | F28: =IF($F19-($F19*(0.1/(3-2))) = 0, , $F19-($F19*(0.1/(3-2)))) -> 0.00046875 | G28: =IF($F19*(0.1/(3-2)) = 0, , $F19*(0.1/(3-2))) -> 5.2083333e-05 | H28: =IF(($H19-($H19*(0.1/(6-4))))/2 = 0, , ($H19-($H19*(0.1/(6-4))))/2) | I28: =IF(($H19-($H19*(0.1/(6-4))))/2 = 0, , ($H19-($H19*(0.1/(6-4))))/2) | J28: =IF($H19*(0.1/(6-4)) = 0, , $H19*(0.1/(6-4))) | K28: =IF(($K19-($K19*(0.1/(10-7))))/3 = 0, , ($K19-($K19*(0.1/(10-7))))/3) | L28: =IF(($K19-($K19*(0.1/(10-7))))/3 = 0, , ($K19-($K19*(0.1/(10-7))))/3) | M28: =IF(($K19-($K19*(0.1/(10-7))))/3 = 0, , ($K19-($K19*(0.1/(10-7))))/3) | N28: =IF($K19*(0.1/(10-7)) = 0, , $K19*(0.1/(10-7))) | O28: =IF(($O19-($O19*(0.1/(6-4))))/4 = 0, , ($O19-($O19*(0.1/(6-4))))/4) | P28: =IF(($O19-($O19*(0.1/(6-4))))/4 = 0, , ($O19-($O19*(0.1/(6-4))))/4) | Q28: =IF(($O19-($O19*(0.1/(6-4))))/4 = 0, , ($O19-($O19*(0.1/(6-4))))/4) | R28: =IF(($O19-($O19*(0.1/(6-4))))/4 = 0, , ($O19-($O19*(0.1/(6-4))))/4) | S28: =IF(O19*(0.1/(15-11)) = 0, , O19*(0.1/(15-11))) | T28: =IF(($T19-($T19*(0.1/(6-4))))/5 = 0, , ($T19-($T19*(0.1/(6-4))))/5) | U28: =IF(($T19-($T19*(0.1/(6-4))))/5 = 0, , ($T19-($T19*(0.1/(6-4))))/5) | V28: =IF(($T19-($T19*(0.1/(6-4))))/5 = 0, , ($T19-($T19*(0.1/(6-4))))/5) | W28: =IF(($T19-($T19*(0.1/(6-4))))/5 = 0, , ($T19-($T19*(0.1/(6-4))))/5) | X28: =IF(($T19-($T19*(0.1/(6-4))))/5 = 0, , ($T19-($T19*(0.1/(6-4))))/5) | Y28: =IF(T19*(0.1/(21-16)) = 0, , T19*(0.1/(21-16)))
B29: o Common o | D29: =IF(D20/1 = 0, ,D20/1) -> 0.99 | E29: =IF(E20/1 = 0, ,E20/1) -> 0.0093430657 | F29: =IF($F20-($F20*(0.1/(3-2))) = 0, , $F20-($F20*(0.1/(3-2)))) -> 0.00050091241 | G29: =IF($F20*(0.1/(3-2)) = 0, , $F20*(0.1/(3-2))) -> 5.5656934e-05 | H29: =IF(($H20-($H20*(0.1/(6-4))))/2 = 0, , ($H20-($H20*(0.1/(6-4))))/2) -> 4.7673358e-05 | I29: =IF(($H20-($H20*(0.1/(6-4))))/2 = 0, , ($H20-($H20*(0.1/(6-4))))/2) -> 4.7673358e-05 | J29: =IF($H20*(0.1/(6-4)) = 0, , $H20*(0.1/(6-4))) -> 5.0182482e-06 | K29: =IF(($K20-($K20*(0.1/(10-7))))/3 = 0, , ($K20-($K20*(0.1/(10-7))))/3) | L29: =IF(($K20-($K20*(0.1/(10-7))))/3 = 0, , ($K20-($K20*(0.1/(10-7))))/3) | M29: =IF(($K20-($K20*(0.1/(10-7))))/3 = 0, , ($K20-($K20*(0.1/(10-7))))/3) | N29: =IF($K20*(0.1/(10-7)) = 0, , $K20*(0.1/(10-7))) | O29: =IF(($O20-($O20*(0.1/(6-4))))/4 = 0, , ($O20-($O20*(0.1/(6-4))))/4) | P29: =IF(($O20-($O20*(0.1/(6-4))))/4 = 0, , ($O20-($O20*(0.1/(6-4))))/4) | Q29: =IF(($O20-($O20*(0.1/(6-4))))/4 = 0, , ($O20-($O20*(0.1/(6-4))))/4) | R29: =IF(($O20-($O20*(0.1/(6-4))))/4 = 0, , ($O20-($O20*(0.1/(6-4))))/4) | S29: =IF(O20*(0.1/(15-11)) = 0, , O20*(0.1/(15-11))) | T29: =IF(($T20-($T20*(0.1/(6-4))))/5 = 0, , ($T20-($T20*(0.1/(6-4))))/5) | U29: =IF(($T20-($T20*(0.1/(6-4))))/5 = 0, , ($T20-($T20*(0.1/(6-4))))/5) | V29: =IF(($T20-($T20*(0.1/(6-4))))/5 = 0, , ($T20-($T20*(0.1/(6-4))))/5) | W29: =IF(($T20-($T20*(0.1/(6-4))))/5 = 0, , ($T20-($T20*(0.1/(6-4))))/5) | X29: =IF(($T20-($T20*(0.1/(6-4))))/5 = 0, , ($T20-($T20*(0.1/(6-4))))/5) | Y29: =IF(T20*(0.1/(21-16)) = 0, , T20*(0.1/(21-16)))
B30: 8 Giant 8 | D30: =IF(D21/1 = 0, ,D21/1) -> 0.85 | E30: =IF(E21/1 = 0, ,E21/1) -> 0.13797468 | F30: =IF($F21-($F21*(0.1/(3-2))) = 0, , $F21-($F21*(0.1/(3-2)))) -> 0.009 | G30: =IF($F21*(0.1/(3-2)) = 0, , $F21*(0.1/(3-2))) -> 0.001 | H30: =IF(($H21-($H21*(0.1/(6-4))))/2 = 0, , ($H21-($H21*(0.1/(6-4))))/2) -> 0.00096202532 | I30: =IF(($H21-($H21*(0.1/(6-4))))/2 = 0, , ($H21-($H21*(0.1/(6-4))))/2) -> 0.00096202532 | J30: =IF($H21*(0.1/(6-4)) = 0, , $H21*(0.1/(6-4))) -> 0.00010126582 | K30: =IF(($K21-($K21*(0.1/(10-7))))/3 = 0, , ($K21-($K21*(0.1/(10-7))))/3) | L30: =IF(($K21-($K21*(0.1/(10-7))))/3 = 0, , ($K21-($K21*(0.1/(10-7))))/3) | M30: =IF(($K21-($K21*(0.1/(10-7))))/3 = 0, , ($K21-($K21*(0.1/(10-7))))/3) | N30: =IF($K21*(0.1/(10-7)) = 0, , $K21*(0.1/(10-7))) | O30: =IF(($O21-($O21*(0.1/(6-4))))/4 = 0, , ($O21-($O21*(0.1/(6-4))))/4) | P30: =IF(($O21-($O21*(0.1/(6-4))))/4 = 0, , ($O21-($O21*(0.1/(6-4))))/4) | Q30: =IF(($O21-($O21*(0.1/(6-4))))/4 = 0, , ($O21-($O21*(0.1/(6-4))))/4) | R30: =IF(($O21-($O21*(0.1/(6-4))))/4 = 0, , ($O21-($O21*(0.1/(6-4))))/4) | S30: =IF(O21*(0.1/(15-11)) = 0, , O21*(0.1/(15-11))) | T30: =IF(($T21-($T21*(0.1/(6-4))))/5 = 0, , ($T21-($T21*(0.1/(6-4))))/5) | U30: =IF(($T21-($T21*(0.1/(6-4))))/5 = 0, , ($T21-($T21*(0.1/(6-4))))/5) | V30: =IF(($T21-($T21*(0.1/(6-4))))/5 = 0, , ($T21-($T21*(0.1/(6-4))))/5) | W30: =IF(($T21-($T21*(0.1/(6-4))))/5 = 0, , ($T21-($T21*(0.1/(6-4))))/5) | X30: =IF(($T21-($T21*(0.1/(6-4))))/5 = 0, , ($T21-($T21*(0.1/(6-4))))/5) | Y30: =IF(T21*(0.1/(21-16)) = 0, , T21*(0.1/(21-16)))
B31: Ω Omega Ω | D31: =IF(D22/1 = 0, ,D22/1) -> 0.2 | E31: =IF(E22/1 = 0, ,E22/1) -> 0.53 | F31: =IF($F22-($F22*(0.1/(3-2))) = 0, , $F22-($F22*(0.1/(3-2)))) -> 0.216 | G31: =IF($F22*(0.1/(3-2)) = 0, , $F22*(0.1/(3-2))) -> 0.024 | H31: =IF(($H22-($H22*(0.1/(6-4))))/2 = 0, , ($H22-($H22*(0.1/(6-4))))/2) -> 0.012825 | I31: =IF(($H22-($H22*(0.1/(6-4))))/2 = 0, , ($H22-($H22*(0.1/(6-4))))/2) -> 0.012825 | J31: =IF($H22*(0.1/(6-4)) = 0, , $H22*(0.1/(6-4))) -> 0.00135 | K31: =IF(($K22-($K22*(0.1/(10-7))))/3 = 0, , ($K22-($K22*(0.1/(10-7))))/3) -> 0.00096666667 | L31: =IF(($K22-($K22*(0.1/(10-7))))/3 = 0, , ($K22-($K22*(0.1/(10-7))))/3) -> 0.00096666667 | M31: =IF(($K22-($K22*(0.1/(10-7))))/3 = 0, , ($K22-($K22*(0.1/(10-7))))/3) -> 0.00096666667 | N31: =IF($K22*(0.1/(10-7)) = 0, , $K22*(0.1/(10-7))) -> 0.0001 | O31: =IF(($O22-($O22*(0.1/(6-4))))/4 = 0, , ($O22-($O22*(0.1/(6-4))))/4) | P31: =IF(($O22-($O22*(0.1/(6-4))))/4 = 0, , ($O22-($O22*(0.1/(6-4))))/4) | Q31: =IF(($O22-($O22*(0.1/(6-4))))/4 = 0, , ($O22-($O22*(0.1/(6-4))))/4) | R31: =IF(($O22-($O22*(0.1/(6-4))))/4 = 0, , ($O22-($O22*(0.1/(6-4))))/4) | S31: =IF(O22*(0.1/(15-11)) = 0, , O22*(0.1/(15-11))) | T31: =IF(($T22-($T22*(0.1/(6-4))))/5 = 0, , ($T22-($T22*(0.1/(6-4))))/5) | U31: =IF(($T22-($T22*(0.1/(6-4))))/5 = 0, , ($T22-($T22*(0.1/(6-4))))/5) | V31: =IF(($T22-($T22*(0.1/(6-4))))/5 = 0, , ($T22-($T22*(0.1/(6-4))))/5) | W31: =IF(($T22-($T22*(0.1/(6-4))))/5 = 0, , ($T22-($T22*(0.1/(6-4))))/5) | X31: =IF(($T22-($T22*(0.1/(6-4))))/5 = 0, , ($T22-($T22*(0.1/(6-4))))/5) | Y31: =IF(T22*(0.1/(21-16)) = 0, , T22*(0.1/(21-16)))
B32: Δ Delta Δ | D32: =IF(D23/1 = 0, ,D23/1) | E32: =IF(E23/1 = 0, ,E23/1) -> 0.13 | F32: =IF($F23-($F23*(0.1/(3-2))) = 0, , $F23-($F23*(0.1/(3-2)))) -> 0.405 | G32: =IF($F23*(0.1/(3-2)) = 0, , $F23*(0.1/(3-2))) -> 0.045 | H32: =IF(($H23-($H23*(0.1/(6-4))))/2 = 0, , ($H23-($H23*(0.1/(6-4))))/2) -> 0.163875 | I32: =IF(($H23-($H23*(0.1/(6-4))))/2 = 0, , ($H23-($H23*(0.1/(6-4))))/2) -> 0.163875 | J32: =IF($H23*(0.1/(6-4)) = 0, , $H23*(0.1/(6-4))) -> 0.01725 | K32: =IF(($K23-($K23*(0.1/(10-7))))/3 = 0, , ($K23-($K23*(0.1/(10-7))))/3) -> 0.022555556 | L32: =IF(($K23-($K23*(0.1/(10-7))))/3 = 0, , ($K23-($K23*(0.1/(10-7))))/3) -> 0.022555556 | M32: =IF(($K23-($K23*(0.1/(10-7))))/3 = 0, , ($K23-($K23*(0.1/(10-7))))/3) -> 0.022555556 | N32: =IF($K23*(0.1/(10-7)) = 0, , $K23*(0.1/(10-7))) -> 0.0023333333 | O32: =IF(($O23-($O23*(0.1/(6-4))))/4 = 0, , ($O23-($O23*(0.1/(6-4))))/4) -> 0.0011875 | P32: =IF(($O23-($O23*(0.1/(6-4))))/4 = 0, , ($O23-($O23*(0.1/(6-4))))/4) -> 0.0011875 | Q32: =IF(($O23-($O23*(0.1/(6-4))))/4 = 0, , ($O23-($O23*(0.1/(6-4))))/4) -> 0.0011875 | R32: =IF(($O23-($O23*(0.1/(6-4))))/4 = 0, , ($O23-($O23*(0.1/(6-4))))/4) -> 0.0011875 | S32: =IF(O23*(0.1/(15-11)) = 0, , O23*(0.1/(15-11))) -> 0.000125 | T32: =IF(($T23-($T23*(0.1/(6-4))))/5 = 0, , ($T23-($T23*(0.1/(6-4))))/5) | U32: =IF(($T23-($T23*(0.1/(6-4))))/5 = 0, , ($T23-($T23*(0.1/(6-4))))/5) | V32: =IF(($T23-($T23*(0.1/(6-4))))/5 = 0, , ($T23-($T23*(0.1/(6-4))))/5) | W32: =IF(($T23-($T23*(0.1/(6-4))))/5 = 0, , ($T23-($T23*(0.1/(6-4))))/5) | X32: =IF(($T23-($T23*(0.1/(6-4))))/5 = 0, , ($T23-($T23*(0.1/(6-4))))/5) | Y32: =IF(T23*(0.1/(21-16)) = 0, , T23*(0.1/(21-16)))
B33: Skullnata | D33: =IF(D24/1 = 0, ,D24/1) | E33: =IF(E24/1 = 0, ,E24/1) -> 0.125 | F33: =IF($F24-($F24*(0.1/(3-2))) = 0, , $F24-($F24*(0.1/(3-2)))) -> 0.54 | G33: =IF($F24*(0.1/(3-2)) = 0, , $F24*(0.1/(3-2))) -> 0.06 | H33: =IF(($H24-($H24*(0.1/(6-4))))/2 = 0, , ($H24-($H24*(0.1/(6-4))))/2) -> 0.1199375 | I33: =IF(($H24-($H24*(0.1/(6-4))))/2 = 0, , ($H24-($H24*(0.1/(6-4))))/2) -> 0.1199375 | J33: =IF($H24*(0.1/(6-4)) = 0, , $H24*(0.1/(6-4))) -> 0.012625 | K33: =IF(($K24-($K24*(0.1/(10-7))))/3 = 0, , ($K24-($K24*(0.1/(10-7))))/3) -> 0.0064444444 | L33: =IF(($K24-($K24*(0.1/(10-7))))/3 = 0, , ($K24-($K24*(0.1/(10-7))))/3) -> 0.0064444444 | M33: =IF(($K24-($K24*(0.1/(10-7))))/3 = 0, , ($K24-($K24*(0.1/(10-7))))/3) -> 0.0064444444 | N33: =IF($K24*(0.1/(10-7)) = 0, , $K24*(0.1/(10-7))) -> 0.00066666667 | O33: =IF(($O24-($O24*(0.1/(6-4))))/4 = 0, , ($O24-($O24*(0.1/(6-4))))/4) -> 0.00059375 | P33: =IF(($O24-($O24*(0.1/(6-4))))/4 = 0, , ($O24-($O24*(0.1/(6-4))))/4) -> 0.00059375 | Q33: =IF(($O24-($O24*(0.1/(6-4))))/4 = 0, , ($O24-($O24*(0.1/(6-4))))/4) -> 0.00059375 | R33: =IF(($O24-($O24*(0.1/(6-4))))/4 = 0, , ($O24-($O24*(0.1/(6-4))))/4) -> 0.00059375 | S33: =IF(O24*(0.1/(15-11)) = 0, , O24*(0.1/(15-11))) -> 6.25e-05 | T33: =IF(($T24-($T24*(0.1/(6-4))))/5 = 0, , ($T24-($T24*(0.1/(6-4))))/5) | U33: =IF(($T24-($T24*(0.1/(6-4))))/5 = 0, , ($T24-($T24*(0.1/(6-4))))/5) | V33: =IF(($T24-($T24*(0.1/(6-4))))/5 = 0, , ($T24-($T24*(0.1/(6-4))))/5) | W33: =IF(($T24-($T24*(0.1/(6-4))))/5 = 0, , ($T24-($T24*(0.1/(6-4))))/5) | X33: =IF(($T24-($T24*(0.1/(6-4))))/5 = 0, , ($T24-($T24*(0.1/(6-4))))/5) | Y33: =IF(T24*(0.1/(21-16)) = 0, , T24*(0.1/(21-16)))
B35: Chest Enchant Value Averages | D35: Total Value
E36: 1 | F36: 2 | G36: 3 | H36: 4 | I36: 5 | J36: 6 | K36: 7 | L36: 8 | M36: 9 | N36: 10 | O36: 11 | P36: 12 | Q36: 13 | R36: 14 | S36: 15 | T36: 16 | U36: 17 | V36: 18 | W36: 19 | X36: 20 | Y36: 21
B37: · Humble · | D37: =sum(E37:Y37) -> 0.010572917 | E37: =IF(E$13*E28 = 0, ,E$13*E28) -> 0.0083333333 | F37: =IF(F$13*F28 = 0, ,F$13*F28) -> 0.001875 | G37: =IF(G$13*G28 = 0, ,G$13*G28) -> 0.00036458333 | H37: =IF(H$13*H28 = 0, ,H$13*H28) | I37: =IF(I$13*I28 = 0, ,I$13*I28) | J37: =IF(J$13*J28 = 0, ,J$13*J28) | K37: =IF(K$13*K28 = 0, ,K$13*K28) | L37: =IF(L$13*L28 = 0, ,L$13*L28) | ... Y37: =IF(Y$13*Y28 = 0, ,Y$13*Y28)
B38: o Common o | D38: =sum(E38:Y38) -> 0.014335766 | E38: =IF(E$13*E29 = 0, ,E$13*E29) -> 0.0093430657 | F38: =IF(F$13*F29 = 0, ,F$13*F29) -> 0.0020036496 | G38: =IF(G$13*G29 = 0, ,G$13*G29) -> 0.00038959854 | H38: =IF(H$13*H29 = 0, ,H$13*H29) -> 0.0009057938 | I38: =IF(I$13*I29 = 0, ,I$13*I29) -> 0.0014778741 | J38: =IF(J$13*J29 = 0, ,J$13*J29) -> 0.00021578467 | K38: =IF(K$13*K29 = 0, ,K$13*K29) | L38: =IF(L$13*L29 = 0, ,L$13*L29) | ... Y38: =IF(Y$13*Y29 = 0, ,Y$13*Y29)
B39: 8 Giant 8 | D39: =sum(E39:Y39) -> 0.23343038 | E39: =IF(E$13*E30 = 0, ,E$13*E30) -> 0.13797468 | F39: =IF(F$13*F30 = 0, ,F$13*F30) -> 0.036 | G39: =IF(G$13*G30 = 0, ,G$13*G30) -> 0.007 | H39: =IF(H$13*H30 = 0, ,H$13*H30) -> 0.018278481 | I39: =IF(I$13*I30 = 0, ,I$13*I30) -> 0.029822785 | J39: =IF(J$13*J30 = 0, ,J$13*J30) -> 0.0043544304 | K39: =IF(K$13*K30 = 0, ,K$13*K30) | L39: =IF(L$13*L30 = 0, ,L$13*L30) | ... Y39: =IF(Y$13*Y30 = 0, ,Y$13*Y30)
B40: Ω Omega Ω | D40: =sum(E40:Y40) -> 2.7437 | E40: =IF(E$13*E31 = 0, ,E$13*E31) -> 0.53 | F40: =IF(F$13*F31 = 0, ,F$13*F31) -> 0.864 | G40: =IF(G$13*G31 = 0, ,G$13*G31) -> 0.168 | H40: =IF(H$13*H31 = 0, ,H$13*H31) -> 0.243675 | I40: =IF(I$13*I31 = 0, ,I$13*I31) -> 0.397575 | J40: =IF(J$13*J31 = 0, ,J$13*J31) -> 0.05805 | K40: =IF(K$13*K31 = 0, ,K$13*K31) -> 0.096666667 | L40: =IF(L$13*L31 = 0, ,L$13*L31) -> 0.15176667 | ... Y40: =IF(Y$13*Y31 = 0, ,Y$13*Y31)
B41: Δ Delta Δ | D41: =sum(E41:Y41) -> 27.327625 | E41: =IF(E$13*E32 = 0, ,E$13*E32) -> 0.13 | F41: =IF(F$13*F32 = 0, ,F$13*F32) -> 1.62 | G41: =IF(G$13*G32 = 0, ,G$13*G32) -> 0.315 | H41: =IF(H$13*H32 = 0, ,H$13*H32) -> 3.113625 | I41: =IF(I$13*I32 = 0, ,I$13*I32) -> 5.080125 | J41: =IF(J$13*J32 = 0, ,J$13*J32) -> 0.74175 | K41: =IF(K$13*K32 = 0, ,K$13*K32) -> 2.2555556 | L41: =IF(L$13*L32 = 0, ,L$13*L32) -> 3.5412222 | ... Y41: =IF(Y$13*Y32 = 0, ,Y$13*Y32)
B42: Skullnata | D42: =sum(E42:Y42) -> 14.996313 | E42: =IF(E$13*E33 = 0, ,E$13*E33) -> 0.125 | F42: =IF(F$13*F33 = 0, ,F$13*F33) -> 2.16 | G42: =IF(G$13*G33 = 0, ,G$13*G33) -> 0.42 | H42: =IF(H$13*H33 = 0, ,H$13*H33) -> 2.2788125 | I42: =IF(I$13*I33 = 0, ,I$13*I33) -> 3.7180625 | J42: =IF(J$13*J33 = 0, ,J$13*J33) -> 0.542875 | K42: =IF(K$13*K33 = 0, ,K$13*K33) -> 0.64444444 | L42: =IF(L$13*L33 = 0, ,L$13*L33) -> 1.0117778 | ... Y42: =IF(Y$13*Y33 = 0, ,Y$13*Y33)

Sheet Chest Rates
B3: Rocky Plateau Chest Data | D3: White | E3: Cyan | F3: Yellow | G3: Green | I3: Haunted Halls Chest Data | K3: White | L3: Cyan | M3: Yellow | N3: Green
B4: o Common o | D4: 0.74 | E4: 0.2 | F4: =I57 -> 0.0625 | G4: 0.97925 | I4: o Common o | K4: 0.8 | L4: 0.865 | M4: 0.68 | N4: 0.97925
B5: 8 Giant 8 | D5: 0.22 | E5: 0.7 | F5: =I58 -> 0.7 | I5: 8 Giant 8 | K5: 0.17 | L5: 0.1 | M5: 0.25
B6: Ω Omega Ω | D6: 0.03 | E6: 0.075 | F6: =I59 -> 0.205 | G6: 0.02 | I6: Ω Omega Ω | K6: 0.025 | L6: 0.03 | M6: 0.06 | N6: 0.02
B7: Δ Delta Δ | D7: 0.01 | E7: 0.025 | F7: =I60 -> 0.0325 | G7: 0.0005 | I7: Δ Delta Δ | K7: 0.005 | L7: 0.005 | M7: 0.01 | N7: 0.0005
B8: Emerald Egg | G8: 0.00025 | I8: Emerald Egg | N8: 0.00025
B9: Common mod | E9: -0.0275 | F9: -0.0125 | G9: -0.02625 | I9: Common mod | L9: -0.01 | M9: -0.015 | N9: -0.024
B10: Giant mod | E10: 0 | F10: -0.0325 | I10: Giant mod | L10: 0 | M10: 0.003
B11: Omega mod | E11: 0.026 | F11: 0.043 | G11: 0.02 | I11: Omega mod | L11: 0.009 | M11: 0.01 | N11: 0.02
B12: Delta mod | E12: 0.0015 | F12: 0.002 | G12: 0.0015 | I12: Delta mod | L12: 0.001 | M12: 0.002 | N12: 0.0015
B13: Emerald Egg mod | G13: 0.00475 | I13: Emerald Egg mod | N13: 0.0025
B16: Deadwood Canyon Chest Data | D16: White | E16: Cyan | F16: Yellow | G16: Green | I16: Boiling Mine Chest Data | K16: White | L16: Cyan | M16: Yellow | N16: Green
B17: o Common o | F17: 0.364 | G17: 0.97925 | I17: o Common o | K17: 0.79 | L17: 0.865 | M17: 0.85 | N17: 0.97925
B18: 8 Giant 8 | D18: 1 | E18: 0.975 | F18: 0.6 | I18: 8 Giant 8 | K18: 0.17 | L18: 0.1 | M18: 0.1
B19: Ω Omega Ω | E19: 0.02 | F19: 0.03 | G19: 0.02 | I19: Ω Omega Ω | K19: 0.035 | L19: 0.03 | M19: 0.04 | N19: 0.02
B20: Δ Delta Δ | E20: 0.005 | F20: 0.006 | G20: 0.0005 | I20: Δ Delta Δ | K20: 0.005 | L20: 0.005 | M20: 0.01 | N20: 0.0005
B21: Emerald Egg | G21: 0.00025 | I21: Emerald Egg | N21: 0.00025
B22: Common mod | F22: -0.0248 | G22: -0.0235 | I22: Common mod | L22: -0.01 | M22: -0.032 | N22: -0.02425
B23: Giant mod | E23: -0.0055 | F23: 0.015 | I23: Giant mod | L23: 0 | M23: 0
B24: Omega mod | E24: 0.005 | F24: 0.009 | G24: 0.02 | I24: Omega mod | L24: 0.009 | M24: 0.03 | N24: 0.02
B25: Delta mod | E25: 0.0005 | F25: 0.0008 | G25: 0.0015 | I25: Delta mod | L25: 0.001 | M25: 0.002 | N25: 0.0015
B26: Emerald Egg mod | G26: 0.002 | I26: Emerald Egg mod | N26: 0.00275
B29: Caves of Fear Chest Data | D29: White | E29: Cyan | F29: Yellow | G29: Green | I29: Icy Ridge Chest Data | K29: White | L29: Cyan | M29: Yellow | N29: Green
B30: o Common o | D30: 0.8525 | E30: 0.8675 | F30: 0.851 | G30: 0.97925 | I30: o Common o | K30: 0.79 | L30: 0.74 | M30: 0.72 | N30: 0.97925
B31: 8 Giant 8 | D31: 0.125 | E31: 0.11 | F31: 0.11 | I31: 8 Giant 8 | K31: 0.14 | L31: 0.2 | M31: 0.2
B32: Ω Omega Ω | D32: 0.02 | E32: 0.02 | F32: 0.035 | G32: 0.02 | I32: Ω Omega Ω | K32: 0.06 | L32: 0.05 | M32: 0.06 | N32: 0.02
B33: Δ Delta Δ | D33: 0.0025 | E33: 0.0025 | F33: 0.004 | G33: 0.0005 | I33: Δ Delta Δ | K33: 0.01 | L33: 0.01 | M33: 0.02 | N33: 0.0005
B34: Emerald Egg | G34: 0.00025 | I34: Emerald Egg | N34: 0.00025
B35: Common mod | E35: -0.0048 | F35: -0.0054 | G35: -0.0235 | I35: Common mod | L35: -0.0065 | M35: -0.0108 | N35: -0.02375
B36: Giant mod | E36: 0.002 | F36: 0 | I36: Giant mod | L36: 0 | M36: 0
B37: Omega mod | E37: 0.0025 | F37: 0.005 | G37: 0.02 | I37: Omega mod | L37: 0.006 | M37: 0.01 | N37: 0.02
B38: Delta mod | E38: 0.0003 | F38: 0.0004 | G38: 0.0015 | I38: Delta mod | L38: 0.0005 | M38: 0.0008 | N38: 0.0015
B39: Emerald Egg mod | G39: 0.002 | I39: Emerald Egg mod | N39: 0.00225
B42: Mushroom Forest Chest Data | D42: White | E42: Cyan | F42: Yellow | G42: Green | I42: Temple Chest Data | K42: White | L42: Cyan | M42: Yellow | N42: Green
B43: o Common o | D43: 0.75 | E43: 0.75 | F43: 0.717 | G43: 0.97925 | I43: o Common o | K43: 0.6 | L43: 0.6 | M43: =I120 -> 0.525 | N43: 0.97925
B44: 8 Giant 8 | D44: 0.2 | E44: 0.2 | F44: 0.2 | I44: 8 Giant 8 | K44: 0.335 | L44: 0.335 | M44: =I121 -> 0.335
B45: Ω Omega Ω | D45: 0.045 | E45: 0.045 | F45: 0.075 | G45: 0.02 | I45: Ω Omega Ω | K45: 0.05 | L45: 0.05 | M45: =I122 -> 0.12 | N45: 0.02
B46: Δ Delta Δ | D46: 0.005 | E46: 0.005 | F46: 0.008 | G46: 0.0005 | I46: Δ Delta Δ | K46: 0.015 | L46: 0.015 | M46: =I123 -> 0.02 | N46: 0.0005
B47: Emerald Egg | G47: 0.00025 | I47: Emerald Egg | N47: 0.00025
B48: Common mod | E48: -0.0086 | F48: -0.0099 | G48: -0.0235 | I48: Common mod | L48: -0.015 | M48: -0.0415 | N48: -0.0245
B49: Giant mod | E49: 0.0025 | F49: 0 | I49: Giant mod | L49: 0 | M49: 0.021
B50: Omega mod | E50: 0.0055 | F50: 0.009 | G50: 0.02 | I50: Omega mod | L50: 0.014 | M50: 0.019 | N50: 0.02
B51: Delta mod | E51: 0.0006 | F51: 0.0009 | G51: 0.0015 | I51: Delta mod | L51: 0.001 | M51: 0.0015 | N51: 0.0015
B52: Emerald Egg mod | G52: 0.002 | I52: Emerald Egg mod | N52: 0.003
B55: Rocky Plateau | E55: Cyan | J55: Yellow | O55: Green
B56: Star Level | D56: 5 | E56: 6 | F56: 7 | G56: 8 | H56: 9 | I56: 10 | J56: 11 | K56: 12 | L56: 13 | M56: 14 | N56: 15 | O56: 16 | P56: 17 | Q56: 18 | R56: 19 | S56: 20
B57: o Common o | D57: =VLOOKUP($B57,INDIRECT(CONCATENATE("ChestData", SUBSTITUTE($B$55," ",""))),3,FALSE) -> 0.74 | E57: =VLOOKUP($B57,INDIRECT(CONCATENATE("ChestData", SUBSTITUTE($B$55," ",""))),4,FALSE)+HLOOKUP($E$55,INDIRECT(CONCATENATE("ChestData", SUBSTITUTE($B$55," ",""))),7,FALSE)*(MOD(E$56-1, 5)+1) -> 0.1725 | F57: =VLOOKUP($B57,INDIRECT(CONCATENATE("ChestData", SUBSTITUTE($B$55," ",""))),4,FALSE)+HLOOKUP($E$55,INDIRECT(CONCATENATE("ChestData", SUBSTITUTE($B$55," ",""))),7,FALSE)*(MOD(F$56-1, 5)+1) -> 0.145 | G57: =VLOOKUP($B57,INDIRECT(CONCATENATE("ChestData", SUBSTITUTE($B$55," ",""))),4,FALSE)+HLOOKUP($E$55,INDIRECT(CONCATENATE("ChestData", SUBSTITUTE($B$55," ",""))),7,FALSE)*(MOD(G$56-1, 5)+1) -> 0.1175 | H57: =VLOOKUP($B57,INDIRECT(CONCATENATE("ChestData", SUBSTITUTE($B$55," ",""))),4,FALSE)+HLOOKUP($E$55,INDIRECT(CONCATENATE("ChestData", SUBSTITUTE($B$55," ",""))),7,FALSE)*(MOD(H$56-1, 5)+1) -> 0.09 | I57: =VLOOKUP($B57,INDIRECT(CONCATENATE("ChestData", SUBSTITUTE($B$55," ",""))),4,FALSE)+HLOOKUP($E$55,INDIRECT(CONCATENATE("ChestData", SUBSTITUTE($B$55," ",""))),7,FALSE)*(MOD(I$56-1, 5)+1) -> 0.0625 | J57: =VLOOKUP($B57,INDIRECT(CONCATENATE("ChestData", SUBSTITUTE($B$55," ",""))),5,FALSE)+HLOOKUP($J$55,INDIRECT(CONCATENATE("ChestData", SUBSTITUTE($B$55," ",""))),7,FALSE)*(MOD(J$56-1, 5)+1) -> 0.05 | K57: =VLOOKUP($B57,INDIRECT(CONCATENATE("ChestData", SUBSTITUTE($B$55," ",""))),5,FALSE)+HLOOKUP($J$55,INDIRECT(CONCATENATE("ChestData", SUBSTITUTE($B$55," ",""))),7,FALSE)*(MOD(K$56-1, 5)+1) -> 0.0375 | L57: =VLOOKUP($B57,INDIRECT(CONCATENATE("ChestData", SUBSTITUTE($B$55," ",""))),5,FALSE)+HLOOKUP($J$55,INDIRECT(CONCATENATE("ChestData", SUBSTITUTE($B$55," ",""))),7,FALSE)*(MOD(L$56-1, 5)+1) -> 0.025 | M57: =VLOOKUP($B57,INDIRECT(CONCATENATE("ChestData", SUBSTITUTE($B$55," ",""))),5,FALSE)+HLOOKUP($J$55,INDIRECT(CONCATENATE("ChestData", SUBSTITUTE($B$55," ",""))),7,FALSE)*(MOD(M$56-1, 5)+1) -> 0.0125 | N57: =VLOOKUP($B57,INDIRECT(CONCATENATE("ChestData", SUBSTITUTE($B$55," ",""))),5,FALSE)+HLOOKUP($J$55,INDIRECT(CONCATENATE("ChestData", SUBSTITUTE($B$55," ",""))),7,FALSE)*(MOD(N$56-1, 5)+1) -> 0 | O57: =VLOOKUP($B57,INDIRECT(CONCATENATE("ChestData", SUBSTITUTE($B$55," ",""))),6,FALSE)+HLOOKUP($O$55,INDIRECT(CONCATENATE("ChestData", SUBSTITUTE($B$55," ",""))),7,FALSE)*(MOD(O$56-1, 5)+1) -> 0.953 | P57: =VLOOKUP($B57,INDIRECT(CONCATENATE("ChestData", SUBSTITUTE($B$55," ",""))),6,FALSE)+HLOOKUP($O$55,INDIRECT(CONCATENATE("ChestData", SUBSTITUTE($B$55," ",""))),7,FALSE)*(MOD(P$56-1, 5)+1) -> 0.92675 | Q57: =VLOOKUP($B57,INDIRECT(CONCATENATE("ChestData", SUBSTITUTE($B$55," ",""))),6,FALSE)+HLOOKUP($O$55,INDIRECT(CONCATENATE("ChestData", SUBSTITUTE($B$55," ",""))),7,FALSE)*(MOD(Q$56-1, 5)+1) -> 0.9005 | R57: =VLOOKUP($B57,INDIRECT(CONCATENATE("ChestData", SUBSTITUTE($B$55," ",""))),6,FALSE)+HLOOKUP($O$55,INDIRECT(CONCATENATE("ChestData", SUBSTITUTE($B$55," ",""))),7,FALSE)*(MOD(R$56-1, 5)+1) -> 0.87425 | S57: =VLOOKUP($B57,INDIRECT(CONCATENATE("ChestData", SUBSTITUTE($B$55," ",""))),6,FALSE)+HLOOKUP($O$55,INDIRECT(CONCATENATE("ChestData", SUBSTITUTE($B$55," ",""))),7,FALSE)*(MOD(S$56-1, 5)+1) -> 0.848
B58: 8 Giant 8 | D58: =VLOOKUP($B58,INDIRECT(CONCATENATE("ChestData", SUBSTITUTE($B$55," ",""))),3,FALSE) -> 0.22 | E58: =VLOOKUP($B58,INDIRECT(CONCATENATE("ChestData", SUBSTITUTE($B$55," ",""))),4,FALSE)+HLOOKUP($E$55,INDIRECT(CONCATENATE("ChestData", SUBSTITUTE($B$55," ",""))),8,FALSE)*(MOD(E$56-1, 5)+1) -> 0.7 | F58: =VLOOKUP($B58,INDIRECT(CONCATENATE("ChestData", SUBSTITUTE($B$55," ",""))),4,FALSE)+HLOOKUP($E$55,INDIRECT(CONCATENATE("ChestData", SUBSTITUTE($B$55," ",""))),8,FALSE)*(MOD(F$56-1, 5)+1) -> 0.7 | G58: =VLOOKUP($B58,INDIRECT(CONCATENATE("ChestData", SUBSTITUTE($B$55," ",""))),4,FALSE)+HLOOKUP($E$55,INDIRECT(CONCATENATE("ChestData", SUBSTITUTE($B$55," ",""))),8,FALSE)*(MOD(G$56-1, 5)+1) -> 0.7 | H58: =VLOOKUP($B58,INDIRECT(CONCATENATE("ChestData", SUBSTITUTE($B$55," ",""))),4,FALSE)+HLOOKUP($E$55,INDIRECT(CONCATENATE("ChestData", SUBSTITUTE($B$55," ",""))),8,FALSE)*(MOD(H$56-1, 5)+1) -> 0.7 | I58: =VLOOKUP($B58,INDIRECT(CONCATENATE("ChestData", SUBSTITUTE($B$55," ",""))),4,FALSE)+HLOOKUP($E$55,INDIRECT(CONCATENATE("ChestData", SUBSTITUTE($B$55," ",""))),8,FALSE)*(MOD(I$56-1, 5)+1) -> 0.7 | J58: =VLOOKUP($B58,INDIRECT(CONCATENATE("ChestData", SUBSTITUTE($B$55," ",""))),5,FALSE)+HLOOKUP($J$73,INDIRECT(CONCATENATE("ChestData", SUBSTITUTE($B$55," ",""))),8,FALSE)*(MOD(J$56-1, 5)+1) -> 0.6675 | K58: =VLOOKUP($B58,INDIRECT(CONCATENATE("ChestData", SUBSTITUTE($B$55," ",""))),5,FALSE)+HLOOKUP($J$73,INDIRECT(CONCATENATE("ChestData", SUBSTITUTE($B$55," ",""))),8,FALSE)*(MOD(K$56-1, 5)+1) -> 0.635 | L58: =VLOOKUP($B58,INDIRECT(CONCATENATE("ChestData", SUBSTITUTE($B$55," ",""))),5,FALSE)+HLOOKUP($J$73,INDIRECT(CONCATENATE("ChestData", SUBSTITUTE($B$55," ",""))),8,FALSE)*(MOD(L$56-1, 5)+1) -> 0.6025 | M58: =VLOOKUP($B58,INDIRECT(CONCATENATE("ChestData", SUBSTITUTE($B$55," ",""))),5,FALSE)+HLOOKUP($J$73,INDIRECT(CONCATENATE("ChestData", SUBSTITUTE($B$55," ",""))),8,FALSE)*(MOD(M$56-1, 5)+1) -> 0.57 | N58: =VLOOKUP($B58,INDIRECT(CONCATENATE("ChestData", SUBSTITUTE($B$55," ",""))),5,FALSE)+HLOOKUP($J$73,INDIRECT(CONCATENATE("ChestData", SUBSTITUTE($B$55," ",""))),8,FALSE)*(MOD(N$56-1, 5)+1) -> 0.5375 | O58: =VLOOKUP($B58,INDIRECT(CONCATENATE("ChestData", SUBSTITUTE($B$55," ",""))),6,FALSE)+HLOOKUP($O$55,INDIRECT(CONCATENATE("ChestData", SUBSTITUTE($B$55," ",""))),8,FALSE)*(MOD(O$56-1, 5)+1) -> 0 | P58: =VLOOKUP($B58,INDIRECT(CONCATENATE("ChestData", SUBSTITUTE($B$55," ",""))),6,FALSE)+HLOOKUP($O$55,INDIRECT(CONCATENATE("ChestData", SUBSTITUTE($B$55," ",""))),8,FALSE)*(MOD(P$56-1, 5)+1) -> 0 | Q58: =VLOOKUP($B58,INDIRECT(CONCATENATE("ChestData", SUBSTITUTE($B$55," ",""))),6,FALSE)+HLOOKUP($O$55,INDIRECT(CONCATENATE("ChestData", SUBSTITUTE($B$55," ",""))),8,FALSE)*(MOD(Q$56-1, 5)+1) -> 0 | R58: =VLOOKUP($B58,INDIRECT(CONCATENATE("ChestData", SUBSTITUTE($B$55," ",""))),6,FALSE)+HLOOKUP($O$55,INDIRECT(CONCATENATE("ChestData", SUBSTITUTE($B$55," ",""))),8,FALSE)*(MOD(R$56-1, 5)+1) -> 0 | S58: =VLOOKUP($B58,INDIRECT(CONCATENATE("ChestData", SUBSTITUTE($B$55," ",""))),6,FALSE)+HLOOKUP($O$55,INDIRECT(CONCATENATE("ChestData", SUBSTITUTE($B$55," ",""))),8,FALSE)*(MOD(S$56-1, 5)+1) -> 0
B59: Ω Omega Ω | D59: =VLOOKUP($B59,INDIRECT(CONCATENATE("ChestData", SUBSTITUTE($B$55," ",""))),3,FALSE) -> 0.03 | E59: =VLOOKUP($B59,INDIRECT(CONCATENATE("ChestData", SUBSTITUTE($B$55," ",""))),4,FALSE)+HLOOKUP($E$55,INDIRECT(CONCATENATE("ChestData", SUBSTITUTE($B$55," ",""))),9,FALSE)*(MOD(E$56-1, 5)+1) -> 0.101 | F59: =VLOOKUP($B59,INDIRECT(CONCATENATE("ChestData", SUBSTITUTE($B$55," ",""))),4,FALSE)+HLOOKUP($E$55,INDIRECT(CONCATENATE("ChestData", SUBSTITUTE($B$55," ",""))),9,FALSE)*(MOD(F$56-1, 5)+1) -> 0.127 | G59: =VLOOKUP($B59,INDIRECT(CONCATENATE("ChestData", SUBSTITUTE($B$55," ",""))),4,FALSE)+HLOOKUP($E$55,INDIRECT(CONCATENATE("ChestData", SUBSTITUTE($B$55," ",""))),9,FALSE)*(MOD(G$56-1, 5)+1) -> 0.153 | H59: =VLOOKUP($B59,INDIRECT(CONCATENATE("ChestData", SUBSTITUTE($B$55," ",""))),4,FALSE)+HLOOKUP($E$55,INDIRECT(CONCATENATE("ChestData", SUBSTITUTE($B$55," ",""))),9,FALSE)*(MOD(H$56-1, 5)+1) -> 0.179 | I59: =VLOOKUP($B59,INDIRECT(CONCATENATE("ChestData", SUBSTITUTE($B$55," ",""))),4,FALSE)+HLOOKUP($E$55,INDIRECT(CONCATENATE("ChestData", SUBSTITUTE($B$55," ",""))),9,FALSE)*(MOD(I$56-1, 5)+1) -> 0.205 | J59: =VLOOKUP($B59,INDIRECT(CONCATENATE("ChestData", SUBSTITUTE($B$55," ",""))),5,FALSE)+HLOOKUP($J$73,INDIRECT(CONCATENATE("ChestData", SUBSTITUTE($B$55," ",""))),9,FALSE)*(MOD(J$56-1, 5)+1) -> 0.248 | K59: =VLOOKUP($B59,INDIRECT(CONCATENATE("ChestData", SUBSTITUTE($B$55," ",""))),5,FALSE)+HLOOKUP($J$73,INDIRECT(CONCATENATE("ChestData", SUBSTITUTE($B$55," ",""))),9,FALSE)*(MOD(K$56-1, 5)+1) -> 0.291 | L59: =VLOOKUP($B59,INDIRECT(CONCATENATE("ChestData", SUBSTITUTE($B$55," ",""))),5,FALSE)+HLOOKUP($J$73,INDIRECT(CONCATENATE("ChestData", SUBSTITUTE($B$55," ",""))),9,FALSE)*(MOD(L$56-1, 5)+1) -> 0.334 | M59: =VLOOKUP($B59,INDIRECT(CONCATENATE("ChestData", SUBSTITUTE($B$55," ",""))),5,FALSE)+HLOOKUP($J$73,INDIRECT(CONCATENATE("ChestData", SUBSTITUTE($B$55," ",""))),9,FALSE)*(MOD(M$56-1, 5)+1) -> 0.377 | N59: =VLOOKUP($B59,INDIRECT(CONCATENATE("ChestData", SUBSTITUTE($B$55," ",""))),5,FALSE)+HLOOKUP($J$73,INDIRECT(CONCATENATE("ChestData", SUBSTITUTE($B$55," ",""))),9,FALSE)*(MOD(N$56-1, 5)+1) -> 0.42 | O59: =VLOOKUP($B59,INDIRECT(CONCATENATE("ChestData", SUBSTITUTE($B$55," ",""))),6,FALSE)+HLOOKUP($O$55,INDIRECT(CONCATENATE("ChestData", SUBSTITUTE($B$55," ",""))),9,FALSE)*(MOD(O$56-1, 5)+1) -> 0.04 | P59: =VLOOKUP($B59,INDIRECT(CONCATENATE("ChestData", SUBSTITUTE($B$55," ",""))),6,FALSE)+HLOOKUP($O$55,INDIRECT(CONCATENATE("ChestData", SUBSTITUTE($B$55," ",""))),9,FALSE)*(MOD(P$56-1, 5)+1) -> 0.06 | Q59: =VLOOKUP($B59,INDIRECT(CONCATENATE("ChestData", SUBSTITUTE($B$55," ",""))),6,FALSE)+HLOOKUP($O$55,INDIRECT(CONCATENATE("ChestData", SUBSTITUTE($B$55," ",""))),9,FALSE)*(MOD(Q$56-1, 5)+1) -> 0.08 | R59: =VLOOKUP($B59,INDIRECT(CONCATENATE("ChestData", SUBSTITUTE($B$55," ",""))),6,FALSE)+HLOOKUP($O$55,INDIRECT(CONCATENATE("ChestData", SUBSTITUTE($B$55," ",""))),9,FALSE)*(MOD(R$56-1, 5)+1) -> 0.1 | S59: =VLOOKUP($B59,INDIRECT(CONCATENATE("ChestData", SUBSTITUTE($B$55," ",""))),6,FALSE)+HLOOKUP($O$55,INDIRECT(CONCATENATE("ChestData", SUBSTITUTE($B$55," ",""))),9,FALSE)*(MOD(S$56-1, 5)+1) -> 0.12
B60: Δ Delta Δ | D60: =VLOOKUP($B60,INDIRECT(CONCATENATE("ChestData", SUBSTITUTE($B$55," ",""))),3,FALSE) -> 0.01 | E60: =VLOOKUP($B60,INDIRECT(CONCATENATE("ChestData", SUBSTITUTE($B$55," ",""))),4,FALSE)+HLOOKUP($E$55,INDIRECT(CONCATENATE("ChestData", SUBSTITUTE($B$55," ",""))),10,FALSE)*(MOD(E$56-1, 5)+1) -> 0.0265 | F60: =VLOOKUP($B60,INDIRECT(CONCATENATE("ChestData", SUBSTITUTE($B$55," ",""))),4,FALSE)+HLOOKUP($E$55,INDIRECT(CONCATENATE("ChestData", SUBSTITUTE($B$55," ",""))),10,FALSE)*(MOD(F$56-1, 5)+1) -> 0.028 | G60: =VLOOKUP($B60,INDIRECT(CONCATENATE("ChestData", SUBSTITUTE($B$55," ",""))),4,FALSE)+HLOOKUP($E$55,INDIRECT(CONCATENATE("ChestData", SUBSTITUTE($B$55," ",""))),10,FALSE)*(MOD(G$56-1, 5)+1) -> 0.0295 | H60: =VLOOKUP($B60,INDIRECT(CONCATENATE("ChestData", SUBSTITUTE($B$55," ",""))),4,FALSE)+HLOOKUP($E$55,INDIRECT(CONCATENATE("ChestData", SUBSTITUTE($B$55," ",""))),10,FALSE)*(MOD(H$56-1, 5)+1) -> 0.031 | I60: =VLOOKUP($B60,INDIRECT(CONCATENATE("ChestData", SUBSTITUTE($B$55," ",""))),4,FALSE)+HLOOKUP($E$55,INDIRECT(CONCATENATE("ChestData", SUBSTITUTE($B$55," ",""))),10,FALSE)*(MOD(I$56-1, 5)+1) -> 0.0325 | J60: =VLOOKUP($B60,INDIRECT(CONCATENATE("ChestData", SUBSTITUTE($B$55," ",""))),5,FALSE)+HLOOKUP($J$73,INDIRECT(CONCATENATE("ChestData", SUBSTITUTE($B$55," ",""))),10,FALSE)*(MOD(J$56-1, 5)+1) -> 0.0345 | K60: =VLOOKUP($B60,INDIRECT(CONCATENATE("ChestData", SUBSTITUTE($B$55," ",""))),5,FALSE)+HLOOKUP($J$73,INDIRECT(CONCATENATE("ChestData", SUBSTITUTE($B$55," ",""))),10,FALSE)*(MOD(K$56-1, 5)+1) -> 0.0365 | L60: =VLOOKUP($B60,INDIRECT(CONCATENATE("ChestData", SUBSTITUTE($B$55," ",""))),5,FALSE)+HLOOKUP($J$73,INDIRECT(CONCATENATE("ChestData", SUBSTITUTE($B$55," ",""))),10,FALSE)*(MOD(L$56-1, 5)+1) -> 0.0385 | M60: =VLOOKUP($B60,INDIRECT(CONCATENATE("ChestData", SUBSTITUTE($B$55," ",""))),5,FALSE)+HLOOKUP($J$73,INDIRECT(CONCATENATE("ChestData", SUBSTITUTE($B$55," ",""))),10,FALSE)*(MOD(M$56-1, 5)+1) -> 0.0405 | N60: =VLOOKUP($B60,INDIRECT(CONCATENATE("ChestData", SUBSTITUTE($B$55," ",""))),5,FALSE)+HLOOKUP($J$73,INDIRECT(CONCATENATE("ChestData", SUBSTITUTE($B$55," ",""))),10,FALSE)*(MOD(N$56-1, 5)+1) -> 0.0425 | O60: =VLOOKUP($B60,INDIRECT(CONCATENATE("ChestData", SUBSTITUTE($B$55," ",""))),6,FALSE)+HLOOKUP($O$55,INDIRECT(CONCATENATE("ChestData", SUBSTITUTE($B$55," ",""))),10,FALSE)*(MOD(O$56-1, 5)+1) -> 0.002 | P60: =VLOOKUP($B60,INDIRECT(CONCATENATE("ChestData", SUBSTITUTE($B$55," ",""))),6,FALSE)+HLOOKUP($O$55,INDIRECT(CONCATENATE("ChestData", SUBSTITUTE($B$55," ",""))),10,FALSE)*(MOD(P$56-1, 5)+1) -> 0.0035 | Q60: =VLOOKUP($B60,INDIRECT(CONCATENATE("ChestData", SUBSTITUTE($B$55," ",""))),6,FALSE)+HLOOKUP($O$55,INDIRECT(CONCATENATE("ChestData", SUBSTITUTE($B$55," ",""))),10,FALSE)*(MOD(Q$56-1, 5)+1) -> 0.005 | R60: =VLOOKUP($B60,INDIRECT(CONCATENATE("ChestData", SUBSTITUTE($B$55," ",""))),6,FALSE)+HLOOKUP($O$55,INDIRECT(CONCATENATE("ChestData", SUBSTITUTE($B$55," ",""))),10,FALSE)*(MOD(R$56-1, 5)+1) -> 0.0065 | S60: =VLOOKUP($B60,INDIRECT(CONCATENATE("ChestData", SUBSTITUTE($B$55," ",""))),6,FALSE)+HLOOKUP($O$55,INDIRECT(CONCATENATE("ChestData", SUBSTITUTE($B$55," ",""))),10,FALSE)*(MOD(S$56-1, 5)+1) -> 0.008
B61: Emerald Egg | D61: 0 | E61: 0 | F61: 0 | G61: 0 | H61: 0 | I61: 0 | J61: 0 | K61: 0 | L61: 0 | M61: 0 | N61: 0 | O61: =VLOOKUP($B61,INDIRECT(CONCATENATE("ChestData", SUBSTITUTE($B$55," ",""))),6,FALSE)+HLOOKUP($O$55,INDIRECT(CONCATENATE("ChestData", SUBSTITUTE($B$55," ",""))),11,FALSE)*(MOD(O$56-1, 5)+1) -> 0.005 | P61: =VLOOKUP($B61,INDIRECT(CONCATENATE("ChestData", SUBSTITUTE($B$55," ",""))),6,FALSE)+HLOOKUP($O$55,INDIRECT(CONCATENATE("ChestData", SUBSTITUTE($B$55," ",""))),11,FALSE)*(MOD(P$56-1, 5)+1) -> 0.00975 | Q61: =VLOOKUP($B61,INDIRECT(CONCATENATE("ChestData", SUBSTITUTE($B$55," ",""))),6,FALSE)+HLOOKUP($O$55,INDIRECT(CONCATENATE("ChestData", SUBSTITUTE($B$55," ",""))),11,FALSE)*(MOD(Q$56-1, 5)+1) -> 0.0145 | R61: =VLOOKUP($B61,INDIRECT(CONCATENATE("ChestData", SUBSTITUTE($B$55," ",""))),6,FALSE)+HLOOKUP($O$55,INDIRECT(CONCATENATE("ChestData", SUBSTITUTE($B$55," ",""))),11,FALSE)*(MOD(R$56-1, 5)+1) -> 0.01925 | S61: =VLOOKUP($B61,INDIRECT(CONCATENATE("ChestData", SUBSTITUTE($B$55," ",""))),6,FALSE)+HLOOKUP($O$55,INDIRECT(CONCATENATE("ChestData", SUBSTITUTE($B$55," ",""))),11,FALSE)*(MOD(S$56-1, 5)+1) -> 0.024
B62: Average Value per Clear | D62: =('Enchant Stats'!$D$38*D57)+('Enchant Stats'!$D$39*D58)+('Enchant Stats'!$D$40*D59)+('Enchant Stats'!$D$41*D60 ) -> 0.4175504 | E62: =('Enchant Stats'!$D$38*E57)+('Enchant Stats'!$D$39*E58)+('Enchant Stats'!$D$40*E59)+('Enchant Stats'!$D$41*E60 ) -> 1.1671699 | F62: =('Enchant Stats'!$D$38*F57)+('Enchant Stats'!$D$39*F58)+('Enchant Stats'!$D$40*F59)+('Enchant Stats'!$D$41*F60 ) -> 1.2791034 | G62: =('Enchant Stats'!$D$38*G57)+('Enchant Stats'!$D$39*G58)+('Enchant Stats'!$D$40*G59)+('Enchant Stats'!$D$41*G60 ) -> 1.3910368 | H62: =('Enchant Stats'!$D$38*H57)+('Enchant Stats'!$D$39*H58)+('Enchant Stats'!$D$40*H59)+('Enchant Stats'!$D$41*H60 ) -> 1.5029702 | I62: =('Enchant Stats'!$D$38*I57)+('Enchant Stats'!$D$39*I58)+('Enchant Stats'!$D$40*I59)+('Enchant Stats'!$D$41*I60 ) -> 1.6149036 | J62: =('Enchant Stats'!$D$38*J57)+('Enchant Stats'!$D$39*J58)+('Enchant Stats'!$D$40*J59)+('Enchant Stats'!$D$41*J60 ) -> 1.7797722 | K62: =('Enchant Stats'!$D$38*K57)+('Enchant Stats'!$D$39*K58)+('Enchant Stats'!$D$40*K59)+('Enchant Stats'!$D$41*K60 ) -> 1.9446409 | ... S62: =('Enchant Stats'!$D$38*S57)+('Enchant Stats'!$D$39*S58)+('Enchant Stats'!$D$40*S59)+('Enchant Stats'!$D$41*S60 ) -> 0.56002173
B64: Deadwood Canyon | E64: Cyan | J64: Yellow | O64: Green
B65: Star Level | D65: 5 | E65: 6 | F65: 7 | G65: 8 | H65: 9 | I65: 10 | J65: 11 | K65: 12 | L65: 13 | M65: 14 | N65: 15 | O65: 16 | P65: 17 | Q65: 18 | R65: 19 | S65: 20
B66: o Common o | D66: 0 | E66: =VLOOKUP($B66,INDIRECT(CONCATENATE("ChestData", SUBSTITUTE($B$64," ",""))),4,FALSE)+HLOOKUP($E$64,INDIRECT(CONCATENATE("ChestData", SUBSTITUTE($B$64," ",""))),7,FALSE)*(MOD(E$65-1, 5)+1) -> 0 | F66: =VLOOKUP($B66,INDIRECT(CONCATENATE("ChestData", SUBSTITUTE($B$64," ",""))),4,FALSE)+HLOOKUP($E$64,INDIRECT(CONCATENATE("ChestData", SUBSTITUTE($B$64," ",""))),7,FALSE)*(MOD(F$65-1, 5)+1) -> 0 | G66: =VLOOKUP($B66,INDIRECT(CONCATENATE("ChestData", SUBSTITUTE($B$64," ",""))),4,FALSE)+HLOOKUP($E$64,INDIRECT(CONCATENATE("ChestData", SUBSTITUTE($B$64," ",""))),7,FALSE)*(MOD(G$65-1, 5)+1) -> 0 | H66: =VLOOKUP($B66,INDIRECT(CONCATENATE("ChestData", SUBSTITUTE($B$64," ",""))),4,FALSE)+HLOOKUP($E$64,INDIRECT(CONCATENATE("ChestData", SUBSTITUTE($B$64," ",""))),7,FALSE)*(MOD(H$65-1, 5)+1) -> 0 | I66: =VLOOKUP($B66,INDIRECT(CONCATENATE("ChestData", SUBSTITUTE($B$64," ",""))),4,FALSE)+HLOOKUP($E$64,INDIRECT(CONCATENATE("ChestData", SUBSTITUTE($B$64," ",""))),7,FALSE)*(MOD(I$65-1, 5)+1) -> 0 | J66: =VLOOKUP($B66,INDIRECT(CONCATENATE("ChestData", SUBSTITUTE($B$64," ",""))),5,FALSE)+HLOOKUP($J$64,INDIRECT(CONCATENATE("ChestData", SUBSTITUTE($B$64," ",""))),7,FALSE)*(MOD(J$65-1, 5)+1) -> 0.3392 | K66: =VLOOKUP($B66,INDIRECT(CONCATENATE("ChestData", SUBSTITUTE($B$64," ",""))),5,FALSE)+HLOOKUP($J$64,INDIRECT(CONCATENATE("ChestData", SUBSTITUTE($B$64," ",""))),7,FALSE)*(MOD(K$65-1, 5)+1) -> 0.3144 | L66: =VLOOKUP($B66,INDIRECT(CONCATENATE("ChestData", SUBSTITUTE($B$64," ",""))),5,FALSE)+HLOOKUP($J$64,INDIRECT(CONCATENATE("ChestData", SUBSTITUTE($B$64," ",""))),7,FALSE)*(MOD(L$65-1, 5)+1) -> 0.2896 | M66: =VLOOKUP($B66,INDIRECT(CONCATENATE("ChestData", SUBSTITUTE($B$64," ",""))),5,FALSE)+HLOOKUP($J$64,INDIRECT(CONCATENATE("ChestData", SUBSTITUTE($B$64," ",""))),7,FALSE)*(MOD(M$65-1, 5)+1) -> 0.2648 | N66: =VLOOKUP($B66,INDIRECT(CONCATENATE("ChestData", SUBSTITUTE($B$64," ",""))),5,FALSE)+HLOOKUP($J$64,INDIRECT(CONCATENATE("ChestData", SUBSTITUTE($B$64," ",""))),7,FALSE)*(MOD(N$65-1, 5)+1) -> 0.24 | O66: =VLOOKUP($B66,INDIRECT(CONCATENATE("ChestData", SUBSTITUTE($B$64," ",""))),6,FALSE)+HLOOKUP($O$64,INDIRECT(CONCATENATE("ChestData", SUBSTITUTE($B$64," ",""))),7,FALSE)*(MOD(O$65-1, 5)+1) -> 0.95575 | P66: =VLOOKUP($B66,INDIRECT(CONCATENATE("ChestData", SUBSTITUTE($B$64," ",""))),6,FALSE)+HLOOKUP($O$64,INDIRECT(CONCATENATE("ChestData", SUBSTITUTE($B$64," ",""))),7,FALSE)*(MOD(P$65-1, 5)+1) -> 0.93225 | Q66: =VLOOKUP($B66,INDIRECT(CONCATENATE("ChestData", SUBSTITUTE($B$64," ",""))),6,FALSE)+HLOOKUP($O$64,INDIRECT(CONCATENATE("ChestData", SUBSTITUTE($B$64," ",""))),7,FALSE)*(MOD(Q$65-1, 5)+1) -> 0.90875 | R66: =VLOOKUP($B66,INDIRECT(CONCATENATE("ChestData", SUBSTITUTE($B$64," ",""))),6,FALSE)+HLOOKUP($O$64,INDIRECT(CONCATENATE("ChestData", SUBSTITUTE($B$64," ",""))),7,FALSE)*(MOD(R$65-1, 5)+1) -> 0.88525 | S66: =VLOOKUP($B66,INDIRECT(CONCATENATE("ChestData", SUBSTITUTE($B$64," ",""))),6,FALSE)+HLOOKUP($O$64,INDIRECT(CONCATENATE("ChestData", SUBSTITUTE($B$64," ",""))),7,FALSE)*(MOD(S$65-1, 5)+1) -> 0.86175
B67: 8 Giant 8 | D67: {=VLOOKUP($B67,INDIRECT(CONCATENATE("ChestData", SUBSTITUTE($B$64," ",""))),3,FALSE)} -> 1 | E67: =VLOOKUP($B67,INDIRECT(CONCATENATE("ChestData", SUBSTITUTE($B$64," ",""))),4,FALSE)+HLOOKUP($E$64,INDIRECT(CONCATENATE("ChestData", SUBSTITUTE($B$64," ",""))),8,FALSE)*(MOD(E$65-1, 5)+1) -> 0.9695 | F67: =VLOOKUP($B67,INDIRECT(CONCATENATE("ChestData", SUBSTITUTE($B$64," ",""))),4,FALSE)+HLOOKUP($E$64,INDIRECT(CONCATENATE("ChestData", SUBSTITUTE($B$64," ",""))),8,FALSE)*(MOD(F$65-1, 5)+1) -> 0.964 | G67: =VLOOKUP($B67,INDIRECT(CONCATENATE("ChestData", SUBSTITUTE($B$64," ",""))),4,FALSE)+HLOOKUP($E$64,INDIRECT(CONCATENATE("ChestData", SUBSTITUTE($B$64," ",""))),8,FALSE)*(MOD(G$65-1, 5)+1) -> 0.9585 | H67: =VLOOKUP($B67,INDIRECT(CONCATENATE("ChestData", SUBSTITUTE($B$64," ",""))),4,FALSE)+HLOOKUP($E$64,INDIRECT(CONCATENATE("ChestData", SUBSTITUTE($B$64," ",""))),8,FALSE)*(MOD(H$65-1, 5)+1) -> 0.953 | I67: =VLOOKUP($B67,INDIRECT(CONCATENATE("ChestData", SUBSTITUTE($B$64," ",""))),4,FALSE)+HLOOKUP($E$64,INDIRECT(CONCATENATE("ChestData", SUBSTITUTE($B$64," ",""))),8,FALSE)*(MOD(I$65-1, 5)+1) -> 0.9475 | J67: =VLOOKUP($B67,INDIRECT(CONCATENATE("ChestData", SUBSTITUTE($B$64," ",""))),5,FALSE)+HLOOKUP($J$64,INDIRECT(CONCATENATE("ChestData", SUBSTITUTE($B$64," ",""))),8,FALSE)*(MOD(J$65-1, 5)+1) -> 0.615 | K67: =VLOOKUP($B67,INDIRECT(CONCATENATE("ChestData", SUBSTITUTE($B$64," ",""))),5,FALSE)+HLOOKUP($J$64,INDIRECT(CONCATENATE("ChestData", SUBSTITUTE($B$64," ",""))),8,FALSE)*(MOD(K$65-1, 5)+1) -> 0.63 | L67: =VLOOKUP($B67,INDIRECT(CONCATENATE("ChestData", SUBSTITUTE($B$64," ",""))),5,FALSE)+HLOOKUP($J$64,INDIRECT(CONCATENATE("ChestData", SUBSTITUTE($B$64," ",""))),8,FALSE)*(MOD(L$65-1, 5)+1) -> 0.645 | M67: =VLOOKUP($B67,INDIRECT(CONCATENATE("ChestData", SUBSTITUTE($B$64," ",""))),5,FALSE)+HLOOKUP($J$64,INDIRECT(CONCATENATE("ChestData", SUBSTITUTE($B$64," ",""))),8,FALSE)*(MOD(M$65-1, 5)+1) -> 0.66 | N67: =VLOOKUP($B67,INDIRECT(CONCATENATE("ChestData", SUBSTITUTE($B$64," ",""))),5,FALSE)+HLOOKUP($J$64,INDIRECT(CONCATENATE("ChestData", SUBSTITUTE($B$64," ",""))),8,FALSE)*(MOD(N$65-1, 5)+1) -> 0.675 | O67: =VLOOKUP($B67,INDIRECT(CONCATENATE("ChestData", SUBSTITUTE($B$64," ",""))),6,FALSE)+HLOOKUP($O$64,INDIRECT(CONCATENATE("ChestData", SUBSTITUTE($B$64," ",""))),8,FALSE)*(MOD(O$65-1, 5)+1) -> 0 | P67: =VLOOKUP($B67,INDIRECT(CONCATENATE("ChestData", SUBSTITUTE($B$64," ",""))),6,FALSE)+HLOOKUP($O$64,INDIRECT(CONCATENATE("ChestData", SUBSTITUTE($B$64," ",""))),8,FALSE)*(MOD(P$65-1, 5)+1) -> 0 | Q67: =VLOOKUP($B67,INDIRECT(CONCATENATE("ChestData", SUBSTITUTE($B$64," ",""))),6,FALSE)+HLOOKUP($O$64,INDIRECT(CONCATENATE("ChestData", SUBSTITUTE($B$64," ",""))),8,FALSE)*(MOD(Q$65-1, 5)+1) -> 0 | R67: =VLOOKUP($B67,INDIRECT(CONCATENATE("ChestData", SUBSTITUTE($B$64," ",""))),6,FALSE)+HLOOKUP($O$64,INDIRECT(CONCATENATE("ChestData", SUBSTITUTE($B$64," ",""))),8,FALSE)*(MOD(R$65-1, 5)+1) -> 0 | S67: =VLOOKUP($B67,INDIRECT(CONCATENATE("ChestData", SUBSTITUTE($B$64," ",""))),6,FALSE)+HLOOKUP($O$64,INDIRECT(CONCATENATE("ChestData", SUBSTITUTE($B$64," ",""))),8,FALSE)*(MOD(S$65-1, 5)+1) -> 0
B68: Ω Omega Ω | D68: 0 | E68: =VLOOKUP($B68,INDIRECT(CONCATENATE("ChestData", SUBSTITUTE($B$64," ",""))),4,FALSE)+HLOOKUP($E$64,INDIRECT(CONCATENATE("ChestData", SUBSTITUTE($B$64," ",""))),9,FALSE)*(MOD(E$65-1, 5)+1) -> 0.025 | F68: =VLOOKUP($B68,INDIRECT(CONCATENATE("ChestData", SUBSTITUTE($B$64," ",""))),4,FALSE)+HLOOKUP($E$64,INDIRECT(CONCATENATE("ChestData", SUBSTITUTE($B$64," ",""))),9,FALSE)*(MOD(F$65-1, 5)+1) -> 0.03 | G68: =VLOOKUP($B68,INDIRECT(CONCATENATE("ChestData", SUBSTITUTE($B$64," ",""))),4,FALSE)+HLOOKUP($E$64,INDIRECT(CONCATENATE("ChestData", SUBSTITUTE($B$64," ",""))),9,FALSE)*(MOD(G$65-1, 5)+1) -> 0.035 | H68: =VLOOKUP($B68,INDIRECT(CONCATENATE("ChestData", SUBSTITUTE($B$64," ",""))),4,FALSE)+HLOOKUP($E$64,INDIRECT(CONCATENATE("ChestData", SUBSTITUTE($B$64," ",""))),9,FALSE)*(MOD(H$65-1, 5)+1) -> 0.04 | I68: =VLOOKUP($B68,INDIRECT(CONCATENATE("ChestData", SUBSTITUTE($B$64," ",""))),4,FALSE)+HLOOKUP($E$64,INDIRECT(CONCATENATE("ChestData", SUBSTITUTE($B$64," ",""))),9,FALSE)*(MOD(I$65-1, 5)+1) -> 0.045 | J68: =VLOOKUP($B68,INDIRECT(CONCATENATE("ChestData", SUBSTITUTE($B$64," ",""))),5,FALSE)+HLOOKUP($J$64,INDIRECT(CONCATENATE("ChestData", SUBSTITUTE($B$64," ",""))),9,FALSE)*(MOD(J$65-1, 5)+1) -> 0.039 | K68: =VLOOKUP($B68,INDIRECT(CONCATENATE("ChestData", SUBSTITUTE($B$64," ",""))),5,FALSE)+HLOOKUP($J$64,INDIRECT(CONCATENATE("ChestData", SUBSTITUTE($B$64," ",""))),9,FALSE)*(MOD(K$65-1, 5)+1) -> 0.048 | L68: =VLOOKUP($B68,INDIRECT(CONCATENATE("ChestData", SUBSTITUTE($B$64," ",""))),5,FALSE)+HLOOKUP($J$64,INDIRECT(CONCATENATE("ChestData", SUBSTITUTE($B$64," ",""))),9,FALSE)*(MOD(L$65-1, 5)+1) -> 0.057 | M68: =VLOOKUP($B68,INDIRECT(CONCATENATE("ChestData", SUBSTITUTE($B$64," ",""))),5,FALSE)+HLOOKUP($J$64,INDIRECT(CONCATENATE("ChestData", SUBSTITUTE($B$64," ",""))),9,FALSE)*(MOD(M$65-1, 5)+1) -> 0.066 | N68: =VLOOKUP($B68,INDIRECT(CONCATENATE("ChestData", SUBSTITUTE($B$64," ",""))),5,FALSE)+HLOOKUP($J$64,INDIRECT(CONCATENATE("ChestData", SUBSTITUTE($B$64," ",""))),9,FALSE)*(MOD(N$65-1, 5)+1) -> 0.075 | O68: =VLOOKUP($B68,INDIRECT(CONCATENATE("ChestData", SUBSTITUTE($B$64," ",""))),6,FALSE)+HLOOKUP($O$64,INDIRECT(CONCATENATE("ChestData", SUBSTITUTE($B$64," ",""))),9,FALSE)*(MOD(O$65-1, 5)+1) -> 0.04 | P68: =VLOOKUP($B68,INDIRECT(CONCATENATE("ChestData", SUBSTITUTE($B$64," ",""))),6,FALSE)+HLOOKUP($O$64,INDIRECT(CONCATENATE("ChestData", SUBSTITUTE($B$64," ",""))),9,FALSE)*(MOD(P$65-1, 5)+1) -> 0.06 | Q68: =VLOOKUP($B68,INDIRECT(CONCATENATE("ChestData", SUBSTITUTE($B$64," ",""))),6,FALSE)+HLOOKUP($O$64,INDIRECT(CONCATENATE("ChestData", SUBSTITUTE($B$64," ",""))),9,FALSE)*(MOD(Q$65-1, 5)+1) -> 0.08 | R68: =VLOOKUP($B68,INDIRECT(CONCATENATE("ChestData", SUBSTITUTE($B$64," ",""))),6,FALSE)+HLOOKUP($O$64,INDIRECT(CONCATENATE("ChestData", SUBSTITUTE($B$64," ",""))),9,FALSE)*(MOD(R$65-1, 5)+1) -> 0.1 | S68: =VLOOKUP($B68,INDIRECT(CONCATENATE("ChestData", SUBSTITUTE($B$64," ",""))),6,FALSE)+HLOOKUP($O$64,INDIRECT(CONCATENATE("ChestData", SUBSTITUTE($B$64," ",""))),9,FALSE)*(MOD(S$65-1, 5)+1) -> 0.12
B69: Δ Delta Δ | D69: 0 | E69: =VLOOKUP($B69,INDIRECT(CONCATENATE("ChestData", SUBSTITUTE($B$64," ",""))),4,FALSE)+HLOOKUP($E$64,INDIRECT(CONCATENATE("ChestData", SUBSTITUTE($B$64," ",""))),10,FALSE)*(MOD(E$65-1, 5)+1) -> 0.0055 | F69: =VLOOKUP($B69,INDIRECT(CONCATENATE("ChestData", SUBSTITUTE($B$64," ",""))),4,FALSE)+HLOOKUP($E$64,INDIRECT(CONCATENATE("ChestData", SUBSTITUTE($B$64," ",""))),10,FALSE)*(MOD(F$65-1, 5)+1) -> 0.006 | G69: =VLOOKUP($B69,INDIRECT(CONCATENATE("ChestData", SUBSTITUTE($B$64," ",""))),4,FALSE)+HLOOKUP($E$64,INDIRECT(CONCATENATE("ChestData", SUBSTITUTE($B$64," ",""))),10,FALSE)*(MOD(G$65-1, 5)+1) -> 0.0065 | H69: =VLOOKUP($B69,INDIRECT(CONCATENATE("ChestData", SUBSTITUTE($B$64," ",""))),4,FALSE)+HLOOKUP($E$64,INDIRECT(CONCATENATE("ChestData", SUBSTITUTE($B$64," ",""))),10,FALSE)*(MOD(H$65-1, 5)+1) -> 0.007 | I69: =VLOOKUP($B69,INDIRECT(CONCATENATE("ChestData", SUBSTITUTE($B$64," ",""))),4,FALSE)+HLOOKUP($E$64,INDIRECT(CONCATENATE("ChestData", SUBSTITUTE($B$64," ",""))),10,FALSE)*(MOD(I$65-1, 5)+1) -> 0.0075 | J69: =VLOOKUP($B69,INDIRECT(CONCATENATE("ChestData", SUBSTITUTE($B$64," ",""))),5,FALSE)+HLOOKUP($J$64,INDIRECT(CONCATENATE("ChestData", SUBSTITUTE($B$64," ",""))),10,FALSE)*(MOD(J$65-1, 5)+1) -> 0.0068 | K69: =VLOOKUP($B69,INDIRECT(CONCATENATE("ChestData", SUBSTITUTE($B$64," ",""))),5,FALSE)+HLOOKUP($J$64,INDIRECT(CONCATENATE("ChestData", SUBSTITUTE($B$64," ",""))),10,FALSE)*(MOD(K$65-1, 5)+1) -> 0.0076 | L69: =VLOOKUP($B69,INDIRECT(CONCATENATE("ChestData", SUBSTITUTE($B$64," ",""))),5,FALSE)+HLOOKUP($J$64,INDIRECT(CONCATENATE("ChestData", SUBSTITUTE($B$64," ",""))),10,FALSE)*(MOD(L$65-1, 5)+1) -> 0.0084 | M69: =VLOOKUP($B69,INDIRECT(CONCATENATE("ChestData", SUBSTITUTE($B$64," ",""))),5,FALSE)+HLOOKUP($J$64,INDIRECT(CONCATENATE("ChestData", SUBSTITUTE($B$64," ",""))),10,FALSE)*(MOD(M$65-1, 5)+1) -> 0.0092 | N69: =VLOOKUP($B69,INDIRECT(CONCATENATE("ChestData", SUBSTITUTE($B$64," ",""))),5,FALSE)+HLOOKUP($J$64,INDIRECT(CONCATENATE("ChestData", SUBSTITUTE($B$64," ",""))),10,FALSE)*(MOD(N$65-1, 5)+1) -> 0.01 | O69: =VLOOKUP($B69,INDIRECT(CONCATENATE("ChestData", SUBSTITUTE($B$64," ",""))),6,FALSE)+HLOOKUP($O$64,INDIRECT(CONCATENATE("ChestData", SUBSTITUTE($B$64," ",""))),10,FALSE)*(MOD(O$65-1, 5)+1) -> 0.002 | P69: =VLOOKUP($B69,INDIRECT(CONCATENATE("ChestData", SUBSTITUTE($B$64," ",""))),6,FALSE)+HLOOKUP($O$64,INDIRECT(CONCATENATE("ChestData", SUBSTITUTE($B$64," ",""))),10,FALSE)*(MOD(P$65-1, 5)+1) -> 0.0035 | Q69: =VLOOKUP($B69,INDIRECT(CONCATENATE("ChestData", SUBSTITUTE($B$64," ",""))),6,FALSE)+HLOOKUP($O$64,INDIRECT(CONCATENATE("ChestData", SUBSTITUTE($B$64," ",""))),10,FALSE)*(MOD(Q$65-1, 5)+1) -> 0.005 | R69: =VLOOKUP($B69,INDIRECT(CONCATENATE("ChestData", SUBSTITUTE($B$64," ",""))),6,FALSE)+HLOOKUP($O$64,INDIRECT(CONCATENATE("ChestData", SUBSTITUTE($B$64," ",""))),10,FALSE)*(MOD(R$65-1, 5)+1) -> 0.0065 | S69: =VLOOKUP($B69,INDIRECT(CONCATENATE("ChestData", SUBSTITUTE($B$64," ",""))),6,FALSE)+HLOOKUP($O$64,INDIRECT(CONCATENATE("ChestData", SUBSTITUTE($B$64," ",""))),10,FALSE)*(MOD(S$65-1, 5)+1) -> 0.008
B70: Emerald Egg | D70: 0 | E70: 0 | F70: 0 | G70: 0 | H70: 0 | I70: 0 | J70: 0 | K70: 0 | L70: 0 | M70: 0 | N70: 0 | O70: =VLOOKUP($B70,INDIRECT(CONCATENATE("ChestData", SUBSTITUTE($B$64," ",""))),6,FALSE)+HLOOKUP($O$64,INDIRECT(CONCATENATE("ChestData", SUBSTITUTE($B$64," ",""))),11,FALSE)*(MOD(O$65-1, 5)+1) -> 0.00225 | P70: =VLOOKUP($B70,INDIRECT(CONCATENATE("ChestData", SUBSTITUTE($B$64," ",""))),6,FALSE)+HLOOKUP($O$64,INDIRECT(CONCATENATE("ChestData", SUBSTITUTE($B$64," ",""))),11,FALSE)*(MOD(P$65-1, 5)+1) -> 0.00425 | Q70: =VLOOKUP($B70,INDIRECT(CONCATENATE("ChestData", SUBSTITUTE($B$64," ",""))),6,FALSE)+HLOOKUP($O$64,INDIRECT(CONCATENATE("ChestData", SUBSTITUTE($B$64," ",""))),11,FALSE)*(MOD(Q$65-1, 5)+1) -> 0.00625 | R70: =VLOOKUP($B70,INDIRECT(CONCATENATE("ChestData", SUBSTITUTE($B$64," ",""))),6,FALSE)+HLOOKUP($O$64,INDIRECT(CONCATENATE("ChestData", SUBSTITUTE($B$64," ",""))),11,FALSE)*(MOD(R$65-1, 5)+1) -> 0.00825 | S70: =VLOOKUP($B70,INDIRECT(CONCATENATE("ChestData", SUBSTITUTE($B$64," ",""))),6,FALSE)+HLOOKUP($O$64,INDIRECT(CONCATENATE("ChestData", SUBSTITUTE($B$64," ",""))),11,FALSE)*(MOD(S$65-1, 5)+1) -> 0.01025
B71: Average Value per Clear | D71: =('Enchant Stats'!$D$40*D68)+('Enchant Stats'!$D$41*D69 ) -> 0 | E71: =('Enchant Stats'!$D$40*E68)+('Enchant Stats'!$D$41*E69 ) -> 0.21889444 | F71: =('Enchant Stats'!$D$40*F68)+('Enchant Stats'!$D$41*F69 ) -> 0.24627675 | G71: =('Enchant Stats'!$D$40*G68)+('Enchant Stats'!$D$41*G69 ) -> 0.27365906 | H71: =('Enchant Stats'!$D$40*H68)+('Enchant Stats'!$D$41*H69 ) -> 0.30104137 | I71: =('Enchant Stats'!$D$40*I68)+('Enchant Stats'!$D$41*I69 ) -> 0.32842369 | J71: =('Enchant Stats'!$D$38*J66)+('Enchant Stats'!$D$39*J67)+('Enchant Stats'!$D$40*J68)+('Enchant Stats'!$D$41*J69 ) -> 0.44125453 | K71: =('Enchant Stats'!$D$38*K66)+('Enchant Stats'!$D$39*K67)+('Enchant Stats'!$D$40*K68)+('Enchant Stats'!$D$41*K69 ) -> 0.49095585 | L71: =('Enchant Stats'!$D$38*L66)+('Enchant Stats'!$D$39*L67)+('Enchant Stats'!$D$40*L68)+('Enchant Stats'!$D$41*L69 ) -> 0.54065718 | M71: =('Enchant Stats'!$D$38*M66)+('Enchant Stats'!$D$39*M67)+('Enchant Stats'!$D$40*M68)+('Enchant Stats'!$D$41*M69 ) -> 0.59035851 | N71: =('Enchant Stats'!$D$38*N66)+('Enchant Stats'!$D$39*N67)+('Enchant Stats'!$D$40*N68)+('Enchant Stats'!$D$41*N69 ) -> 0.64005984 | O71: =('Enchant Stats'!$D$38*O66)+('Enchant Stats'!$D$39*O67)+('Enchant Stats'!$D$40*O68)+('Enchant Stats'!$D$41*O69 ) -> 0.17810466 | P71: =('Enchant Stats'!$D$38*P66)+('Enchant Stats'!$D$39*P67)+('Enchant Stats'!$D$40*P68)+('Enchant Stats'!$D$41*P69 ) -> 0.27363321 | Q71: =('Enchant Stats'!$D$38*Q66)+('Enchant Stats'!$D$39*Q67)+('Enchant Stats'!$D$40*Q68)+('Enchant Stats'!$D$41*Q69 ) -> 0.36916175 | ... S71: =('Enchant Stats'!$D$38*S66)+('Enchant Stats'!$D$39*S67)+('Enchant Stats'!$D$40*S68)+('Enchant Stats'!$D$41*S69 ) -> 0.56021885
B73: Caves of Fear | E73: Cyan | J73: Yellow | O73: Green
B74: Star Level | D74: 5 | E74: 6 | F74: 7 | G74: 8 | H74: 9 | I74: 10 | J74: 11 | K74: 12 | L74: 13 | M74: 14 | N74: 15 | O74: 16 | P74: 17 | Q74: 18 | R74: 19 | S74: 20
B75: o Common o | D75: =VLOOKUP($B75,INDIRECT(CONCATENATE("ChestData", SUBSTITUTE($B$73," ",""))),3,FALSE) -> 0.8525 | E75: =VLOOKUP($B75,INDIRECT(CONCATENATE("ChestData", SUBSTITUTE($B$73," ",""))),4,FALSE)+HLOOKUP($E$73,INDIRECT(CONCATENATE("ChestData", SUBSTITUTE($B$73," ",""))),7,FALSE)*(MOD(E$74-1, 5)+1) -> 0.8627 | F75: =VLOOKUP($B75,INDIRECT(CONCATENATE("ChestData", SUBSTITUTE($B$73," ",""))),4,FALSE)+HLOOKUP($E$73,INDIRECT(CONCATENATE("ChestData", SUBSTITUTE($B$73," ",""))),7,FALSE)*(MOD(F$74-1, 5)+1) -> 0.8579 | G75: =VLOOKUP($B75,INDIRECT(CONCATENATE("ChestData", SUBSTITUTE($B$73," ",""))),4,FALSE)+HLOOKUP($E$73,INDIRECT(CONCATENATE("ChestData", SUBSTITUTE($B$73," ",""))),7,FALSE)*(MOD(G$74-1, 5)+1) -> 0.8531 | H75: =VLOOKUP($B75,INDIRECT(CONCATENATE("ChestData", SUBSTITUTE($B$73," ",""))),4,FALSE)+HLOOKUP($E$73,INDIRECT(CONCATENATE("ChestData", SUBSTITUTE($B$73," ",""))),7,FALSE)*(MOD(H$74-1, 5)+1) -> 0.8483 | I75: =VLOOKUP($B75,INDIRECT(CONCATENATE("ChestData", SUBSTITUTE($B$73," ",""))),4,FALSE)+HLOOKUP($E$73,INDIRECT(CONCATENATE("ChestData", SUBSTITUTE($B$73," ",""))),7,FALSE)*(MOD(I$74-1, 5)+1) -> 0.8435 | J75: =VLOOKUP($B75,INDIRECT(CONCATENATE("ChestData", SUBSTITUTE($B$73," ",""))),5,FALSE)+HLOOKUP($J$73,INDIRECT(CONCATENATE("ChestData", SUBSTITUTE($B$73," ",""))),7,FALSE)*(MOD(J$74-1, 5)+1) -> 0.8456 | K75: =VLOOKUP($B75,INDIRECT(CONCATENATE("ChestData", SUBSTITUTE($B$73," ",""))),5,FALSE)+HLOOKUP($J$73,INDIRECT(CONCATENATE("ChestData", SUBSTITUTE($B$73," ",""))),7,FALSE)*(MOD(K$74-1, 5)+1) -> 0.8402 | L75: =VLOOKUP($B75,INDIRECT(CONCATENATE("ChestData", SUBSTITUTE($B$73," ",""))),5,FALSE)+HLOOKUP($J$73,INDIRECT(CONCATENATE("ChestData", SUBSTITUTE($B$73," ",""))),7,FALSE)*(MOD(L$74-1, 5)+1) -> 0.8348 | M75: =VLOOKUP($B75,INDIRECT(CONCATENATE("ChestData", SUBSTITUTE($B$73," ",""))),5,FALSE)+HLOOKUP($J$73,INDIRECT(CONCATENATE("ChestData", SUBSTITUTE($B$73," ",""))),7,FALSE)*(MOD(M$74-1, 5)+1) -> 0.8294 | N75: =VLOOKUP($B75,INDIRECT(CONCATENATE("ChestData", SUBSTITUTE($B$73," ",""))),5,FALSE)+HLOOKUP($J$73,INDIRECT(CONCATENATE("ChestData", SUBSTITUTE($B$73," ",""))),7,FALSE)*(MOD(N$74-1, 5)+1) -> 0.824 | O75: =VLOOKUP($B75,INDIRECT(CONCATENATE("ChestData", SUBSTITUTE($B$73," ",""))),6,FALSE)+HLOOKUP($O$73,INDIRECT(CONCATENATE("ChestData", SUBSTITUTE($B$73," ",""))),7,FALSE)*(MOD(O$74-1, 5)+1) -> 0.95575 | P75: =VLOOKUP($B75,INDIRECT(CONCATENATE("ChestData", SUBSTITUTE($B$73," ",""))),6,FALSE)+HLOOKUP($O$73,INDIRECT(CONCATENATE("ChestData", SUBSTITUTE($B$73," ",""))),7,FALSE)*(MOD(P$74-1, 5)+1) -> 0.93225 | Q75: =VLOOKUP($B75,INDIRECT(CONCATENATE("ChestData", SUBSTITUTE($B$73," ",""))),6,FALSE)+HLOOKUP($O$73,INDIRECT(CONCATENATE("ChestData", SUBSTITUTE($B$73," ",""))),7,FALSE)*(MOD(Q$74-1, 5)+1) -> 0.90875 | R75: =VLOOKUP($B75,INDIRECT(CONCATENATE("ChestData", SUBSTITUTE($B$73," ",""))),6,FALSE)+HLOOKUP($O$73,INDIRECT(CONCATENATE("ChestData", SUBSTITUTE($B$73," ",""))),7,FALSE)*(MOD(R$74-1, 5)+1) -> 0.88525 | S75: =VLOOKUP($B75,INDIRECT(CONCATENATE("ChestData", SUBSTITUTE($B$73," ",""))),6,FALSE)+HLOOKUP($O$73,INDIRECT(CONCATENATE("ChestData", SUBSTITUTE($B$73," ",""))),7,FALSE)*(MOD(S$74-1, 5)+1) -> 0.86175
B76: 8 Giant 8 | D76: =VLOOKUP($B76,INDIRECT(CONCATENATE("ChestData", SUBSTITUTE($B$73," ",""))),3,FALSE) -> 0.125 | E76: =VLOOKUP($B76,INDIRECT(CONCATENATE("ChestData", SUBSTITUTE($B$73," ",""))),4,FALSE)+HLOOKUP($E$73,INDIRECT(CONCATENATE("ChestData", SUBSTITUTE($B$73," ",""))),8,FALSE)*(MOD(E$74-1, 5)+1) -> 0.112 | F76: =VLOOKUP($B76,INDIRECT(CONCATENATE("ChestData", SUBSTITUTE($B$73," ",""))),4,FALSE)+HLOOKUP($E$73,INDIRECT(CONCATENATE("ChestData", SUBSTITUTE($B$73," ",""))),8,FALSE)*(MOD(F$74-1, 5)+1) -> 0.114 | G76: =VLOOKUP($B76,INDIRECT(CONCATENATE("ChestData", SUBSTITUTE($B$73," ",""))),4,FALSE)+HLOOKUP($E$73,INDIRECT(CONCATENATE("ChestData", SUBSTITUTE($B$73," ",""))),8,FALSE)*(MOD(G$74-1, 5)+1) -> 0.116 | H76: =VLOOKUP($B76,INDIRECT(CONCATENATE("ChestData", SUBSTITUTE($B$73," ",""))),4,FALSE)+HLOOKUP($E$73,INDIRECT(CONCATENATE("ChestData", SUBSTITUTE($B$73," ",""))),8,FALSE)*(MOD(H$74-1, 5)+1) -> 0.118 | I76: =VLOOKUP($B76,INDIRECT(CONCATENATE("ChestData", SUBSTITUTE($B$73," ",""))),4,FALSE)+HLOOKUP($E$73,INDIRECT(CONCATENATE("ChestData", SUBSTITUTE($B$73," ",""))),8,FALSE)*(MOD(I$74-1, 5)+1) -> 0.12 | J76: =VLOOKUP($B76,INDIRECT(CONCATENATE("ChestData", SUBSTITUTE($B$73," ",""))),5,FALSE)+HLOOKUP($J$73,INDIRECT(CONCATENATE("ChestData", SUBSTITUTE($B$73," ",""))),8,FALSE)*(MOD(J$74-1, 5)+1) -> 0.11 | K76: =VLOOKUP($B76,INDIRECT(CONCATENATE("ChestData", SUBSTITUTE($B$73," ",""))),5,FALSE)+HLOOKUP($J$73,INDIRECT(CONCATENATE("ChestData", SUBSTITUTE($B$73," ",""))),8,FALSE)*(MOD(K$74-1, 5)+1) -> 0.11 | L76: =VLOOKUP($B76,INDIRECT(CONCATENATE("ChestData", SUBSTITUTE($B$73," ",""))),5,FALSE)+HLOOKUP($J$73,INDIRECT(CONCATENATE("ChestData", SUBSTITUTE($B$73," ",""))),8,FALSE)*(MOD(L$74-1, 5)+1) -> 0.11 | M76: =VLOOKUP($B76,INDIRECT(CONCATENATE("ChestData", SUBSTITUTE($B$73," ",""))),5,FALSE)+HLOOKUP($J$73,INDIRECT(CONCATENATE("ChestData", SUBSTITUTE($B$73," ",""))),8,FALSE)*(MOD(M$74-1, 5)+1) -> 0.11 | N76: =VLOOKUP($B76,INDIRECT(CONCATENATE("ChestData", SUBSTITUTE($B$73," ",""))),5,FALSE)+HLOOKUP($J$73,INDIRECT(CONCATENATE("ChestData", SUBSTITUTE($B$73," ",""))),8,FALSE)*(MOD(N$74-1, 5)+1) -> 0.11 | O76: =VLOOKUP($B76,INDIRECT(CONCATENATE("ChestData", SUBSTITUTE($B$73," ",""))),6,FALSE)+HLOOKUP($O$73,INDIRECT(CONCATENATE("ChestData", SUBSTITUTE($B$73," ",""))),8,FALSE)*(MOD(O$74-1, 5)+1) -> 0 | P76: =VLOOKUP($B76,INDIRECT(CONCATENATE("ChestData", SUBSTITUTE($B$73," ",""))),6,FALSE)+HLOOKUP($O$73,INDIRECT(CONCATENATE("ChestData", SUBSTITUTE($B$73," ",""))),8,FALSE)*(MOD(P$74-1, 5)+1) -> 0 | Q76: =VLOOKUP($B76,INDIRECT(CONCATENATE("ChestData", SUBSTITUTE($B$73," ",""))),6,FALSE)+HLOOKUP($O$73,INDIRECT(CONCATENATE("ChestData", SUBSTITUTE($B$73," ",""))),8,FALSE)*(MOD(Q$74-1, 5)+1) -> 0 | R76: =VLOOKUP($B76,INDIRECT(CONCATENATE("ChestData", SUBSTITUTE($B$73," ",""))),6,FALSE)+HLOOKUP($O$73,INDIRECT(CONCATENATE("ChestData", SUBSTITUTE($B$73," ",""))),8,FALSE)*(MOD(R$74-1, 5)+1) -> 0 | S76: =VLOOKUP($B76,INDIRECT(CONCATENATE("ChestData", SUBSTITUTE($B$73," ",""))),6,FALSE)+HLOOKUP($O$73,INDIRECT(CONCATENATE("ChestData", SUBSTITUTE($B$73," ",""))),8,FALSE)*(MOD(S$74-1, 5)+1) -> 0
B77: Ω Omega Ω | D77: =VLOOKUP($B77,INDIRECT(CONCATENATE("ChestData", SUBSTITUTE($B$73," ",""))),3,FALSE) -> 0.02 | E77: =VLOOKUP($B77,INDIRECT(CONCATENATE("ChestData", SUBSTITUTE($B$73," ",""))),4,FALSE)+HLOOKUP($E$73,INDIRECT(CONCATENATE("ChestData", SUBSTITUTE($B$73," ",""))),9,FALSE)*(MOD(E$74-1, 5)+1) -> 0.0225 | F77: =VLOOKUP($B77,INDIRECT(CONCATENATE("ChestData", SUBSTITUTE($B$73," ",""))),4,FALSE)+HLOOKUP($E$73,INDIRECT(CONCATENATE("ChestData", SUBSTITUTE($B$73," ",""))),9,FALSE)*(MOD(F$74-1, 5)+1) -> 0.025 | G77: =VLOOKUP($B77,INDIRECT(CONCATENATE("ChestData", SUBSTITUTE($B$73," ",""))),4,FALSE)+HLOOKUP($E$73,INDIRECT(CONCATENATE("ChestData", SUBSTITUTE($B$73," ",""))),9,FALSE)*(MOD(G$74-1, 5)+1) -> 0.0275 | H77: =VLOOKUP($B77,INDIRECT(CONCATENATE("ChestData", SUBSTITUTE($B$73," ",""))),4,FALSE)+HLOOKUP($E$73,INDIRECT(CONCATENATE("ChestData", SUBSTITUTE($B$73," ",""))),9,FALSE)*(MOD(H$74-1, 5)+1) -> 0.03 | I77: =VLOOKUP($B77,INDIRECT(CONCATENATE("ChestData", SUBSTITUTE($B$73," ",""))),4,FALSE)+HLOOKUP($E$73,INDIRECT(CONCATENATE("ChestData", SUBSTITUTE($B$73," ",""))),9,FALSE)*(MOD(I$74-1, 5)+1) -> 0.0325 | J77: =VLOOKUP($B77,INDIRECT(CONCATENATE("ChestData", SUBSTITUTE($B$73," ",""))),5,FALSE)+HLOOKUP($J$73,INDIRECT(CONCATENATE("ChestData", SUBSTITUTE($B$73," ",""))),9,FALSE)*(MOD(J$74-1, 5)+1) -> 0.04 | K77: =VLOOKUP($B77,INDIRECT(CONCATENATE("ChestData", SUBSTITUTE($B$73," ",""))),5,FALSE)+HLOOKUP($J$73,INDIRECT(CONCATENATE("ChestData", SUBSTITUTE($B$73," ",""))),9,FALSE)*(MOD(K$74-1, 5)+1) -> 0.045 | L77: =VLOOKUP($B77,INDIRECT(CONCATENATE("ChestData", SUBSTITUTE($B$73," ",""))),5,FALSE)+HLOOKUP($J$73,INDIRECT(CONCATENATE("ChestData", SUBSTITUTE($B$73," ",""))),9,FALSE)*(MOD(L$74-1, 5)+1) -> 0.05 | M77: =VLOOKUP($B77,INDIRECT(CONCATENATE("ChestData", SUBSTITUTE($B$73," ",""))),5,FALSE)+HLOOKUP($J$73,INDIRECT(CONCATENATE("ChestData", SUBSTITUTE($B$73," ",""))),9,FALSE)*(MOD(M$74-1, 5)+1) -> 0.055 | N77: =VLOOKUP($B77,INDIRECT(CONCATENATE("ChestData", SUBSTITUTE($B$73," ",""))),5,FALSE)+HLOOKUP($J$73,INDIRECT(CONCATENATE("ChestData", SUBSTITUTE($B$73," ",""))),9,FALSE)*(MOD(N$74-1, 5)+1) -> 0.06 | O77: =VLOOKUP($B77,INDIRECT(CONCATENATE("ChestData", SUBSTITUTE($B$73," ",""))),6,FALSE)+HLOOKUP($O$73,INDIRECT(CONCATENATE("ChestData", SUBSTITUTE($B$73," ",""))),9,FALSE)*(MOD(O$74-1, 5)+1) -> 0.04 | P77: =VLOOKUP($B77,INDIRECT(CONCATENATE("ChestData", SUBSTITUTE($B$73," ",""))),6,FALSE)+HLOOKUP($O$73,INDIRECT(CONCATENATE("ChestData", SUBSTITUTE($B$73," ",""))),9,FALSE)*(MOD(P$74-1, 5)+1) -> 0.06 | Q77: =VLOOKUP($B77,INDIRECT(CONCATENATE("ChestData", SUBSTITUTE($B$73," ",""))),6,FALSE)+HLOOKUP($O$73,INDIRECT(CONCATENATE("ChestData", SUBSTITUTE($B$73," ",""))),9,FALSE)*(MOD(Q$74-1, 5)+1) -> 0.08 | R77: =VLOOKUP($B77,INDIRECT(CONCATENATE("ChestData", SUBSTITUTE($B$73," ",""))),6,FALSE)+HLOOKUP($O$73,INDIRECT(CONCATENATE("ChestData", SUBSTITUTE($B$73," ",""))),9,FALSE)*(MOD(R$74-1, 5)+1) -> 0.1 | S77: =VLOOKUP($B77,INDIRECT(CONCATENATE("ChestData", SUBSTITUTE($B$73," ",""))),6,FALSE)+HLOOKUP($O$73,INDIRECT(CONCATENATE("ChestData", SUBSTITUTE($B$73," ",""))),9,FALSE)*(MOD(S$74-1, 5)+1) -> 0.12
B78: Δ Delta Δ | D78: =VLOOKUP($B78,INDIRECT(CONCATENATE("ChestData", SUBSTITUTE($B$73," ",""))),3,FALSE) -> 0.0025 | E78: =VLOOKUP($B78,INDIRECT(CONCATENATE("ChestData", SUBSTITUTE($B$73," ",""))),4,FALSE)+HLOOKUP($E$73,INDIRECT(CONCATENATE("ChestData", SUBSTITUTE($B$73," ",""))),10,FALSE)*(MOD(E$74-1, 5)+1) -> 0.0028 | F78: =VLOOKUP($B78,INDIRECT(CONCATENATE("ChestData", SUBSTITUTE($B$73," ",""))),4,FALSE)+HLOOKUP($E$73,INDIRECT(CONCATENATE("ChestData", SUBSTITUTE($B$73," ",""))),10,FALSE)*(MOD(F$74-1, 5)+1) -> 0.0031 | G78: =VLOOKUP($B78,INDIRECT(CONCATENATE("ChestData", SUBSTITUTE($B$73," ",""))),4,FALSE)+HLOOKUP($E$73,INDIRECT(CONCATENATE("ChestData", SUBSTITUTE($B$73," ",""))),10,FALSE)*(MOD(G$74-1, 5)+1) -> 0.0034 | H78: =VLOOKUP($B78,INDIRECT(CONCATENATE("ChestData", SUBSTITUTE($B$73," ",""))),4,FALSE)+HLOOKUP($E$73,INDIRECT(CONCATENATE("ChestData", SUBSTITUTE($B$73," ",""))),10,FALSE)*(MOD(H$74-1, 5)+1) -> 0.0037 | I78: =VLOOKUP($B78,INDIRECT(CONCATENATE("ChestData", SUBSTITUTE($B$73," ",""))),4,FALSE)+HLOOKUP($E$73,INDIRECT(CONCATENATE("ChestData", SUBSTITUTE($B$73," ",""))),10,FALSE)*(MOD(I$74-1, 5)+1) -> 0.004 | J78: =VLOOKUP($B78,INDIRECT(CONCATENATE("ChestData", SUBSTITUTE($B$73," ",""))),5,FALSE)+HLOOKUP($J$73,INDIRECT(CONCATENATE("ChestData", SUBSTITUTE($B$73," ",""))),10,FALSE)*(MOD(J$74-1, 5)+1) -> 0.0044 | K78: =VLOOKUP($B78,INDIRECT(CONCATENATE("ChestData", SUBSTITUTE($B$73," ",""))),5,FALSE)+HLOOKUP($J$73,INDIRECT(CONCATENATE("ChestData", SUBSTITUTE($B$73," ",""))),10,FALSE)*(MOD(K$74-1, 5)+1) -> 0.0048 | L78: =VLOOKUP($B78,INDIRECT(CONCATENATE("ChestData", SUBSTITUTE($B$73," ",""))),5,FALSE)+HLOOKUP($J$73,INDIRECT(CONCATENATE("ChestData", SUBSTITUTE($B$73," ",""))),10,FALSE)*(MOD(L$74-1, 5)+1) -> 0.0052 | M78: =VLOOKUP($B78,INDIRECT(CONCATENATE("ChestData", SUBSTITUTE($B$73," ",""))),5,FALSE)+HLOOKUP($J$73,INDIRECT(CONCATENATE("ChestData", SUBSTITUTE($B$73," ",""))),10,FALSE)*(MOD(M$74-1, 5)+1) -> 0.0056 | N78: =VLOOKUP($B78,INDIRECT(CONCATENATE("ChestData", SUBSTITUTE($B$73," ",""))),5,FALSE)+HLOOKUP($J$73,INDIRECT(CONCATENATE("ChestData", SUBSTITUTE($B$73," ",""))),10,FALSE)*(MOD(N$74-1, 5)+1) -> 0.006 | O78: =VLOOKUP($B78,INDIRECT(CONCATENATE("ChestData", SUBSTITUTE($B$73," ",""))),6,FALSE)+HLOOKUP($O$73,INDIRECT(CONCATENATE("ChestData", SUBSTITUTE($B$73," ",""))),10,FALSE)*(MOD(O$74-1, 5)+1) -> 0.002 | P78: =VLOOKUP($B78,INDIRECT(CONCATENATE("ChestData", SUBSTITUTE($B$73," ",""))),6,FALSE)+HLOOKUP($O$73,INDIRECT(CONCATENATE("ChestData", SUBSTITUTE($B$73," ",""))),10,FALSE)*(MOD(P$74-1, 5)+1) -> 0.0035 | Q78: =VLOOKUP($B78,INDIRECT(CONCATENATE("ChestData", SUBSTITUTE($B$73," ",""))),6,FALSE)+HLOOKUP($O$73,INDIRECT(CONCATENATE("ChestData", SUBSTITUTE($B$73," ",""))),10,FALSE)*(MOD(Q$74-1, 5)+1) -> 0.005 | R78: =VLOOKUP($B78,INDIRECT(CONCATENATE("ChestData", SUBSTITUTE($B$73," ",""))),6,FALSE)+HLOOKUP($O$73,INDIRECT(CONCATENATE("ChestData", SUBSTITUTE($B$73," ",""))),10,FALSE)*(MOD(R$74-1, 5)+1) -> 0.0065 | S78: =VLOOKUP($B78,INDIRECT(CONCATENATE("ChestData", SUBSTITUTE($B$73," ",""))),6,FALSE)+HLOOKUP($O$73,INDIRECT(CONCATENATE("ChestData", SUBSTITUTE($B$73," ",""))),10,FALSE)*(MOD(S$74-1, 5)+1) -> 0.008
B79: Emerald Egg | D79: 0 | E79: 0 | F79: 0 | G79: 0 | H79: 0 | I79: 0 | J79: 0 | K79: 0 | L79: 0 | M79: 0 | N79: 0 | O79: =VLOOKUP($B79,INDIRECT(CONCATENATE("ChestData", SUBSTITUTE($B$73," ",""))),6,FALSE)+HLOOKUP($O$73,INDIRECT(CONCATENATE("ChestData", SUBSTITUTE($B$73," ",""))),11,FALSE)*(MOD(O$74-1, 5)+1) -> 0.00225 | P79: =VLOOKUP($B79,INDIRECT(CONCATENATE("ChestData", SUBSTITUTE($B$73," ",""))),6,FALSE)+HLOOKUP($O$73,INDIRECT(CONCATENATE("ChestData", SUBSTITUTE($B$73," ",""))),11,FALSE)*(MOD(P$74-1, 5)+1) -> 0.00425 | Q79: =VLOOKUP($B79,INDIRECT(CONCATENATE("ChestData", SUBSTITUTE($B$73," ",""))),6,FALSE)+HLOOKUP($O$73,INDIRECT(CONCATENATE("ChestData", SUBSTITUTE($B$73," ",""))),11,FALSE)*(MOD(Q$74-1, 5)+1) -> 0.00625 | R79: =VLOOKUP($B79,INDIRECT(CONCATENATE("ChestData", SUBSTITUTE($B$73," ",""))),6,FALSE)+HLOOKUP($O$73,INDIRECT(CONCATENATE("ChestData", SUBSTITUTE($B$73," ",""))),11,FALSE)*(MOD(R$74-1, 5)+1) -> 0.00825 | S79: =VLOOKUP($B79,INDIRECT(CONCATENATE("ChestData", SUBSTITUTE($B$73," ",""))),6,FALSE)+HLOOKUP($O$73,INDIRECT(CONCATENATE("ChestData", SUBSTITUTE($B$73," ",""))),11,FALSE)*(MOD(S$74-1, 5)+1) -> 0.01025
B80: Average Value per Clear | D80: =('Enchant Stats'!$D$38*D75)+('Enchant Stats'!$D$39*D76)+('Enchant Stats'!$D$40*D77)+('Enchant Stats'!$D$41*D78 ) -> 0.1645931 | E80: =('Enchant Stats'!$D$38*E75)+('Enchant Stats'!$D$39*E76)+('Enchant Stats'!$D$40*E77)+('Enchant Stats'!$D$41*E78 ) -> 0.17676227 | F80: =('Enchant Stats'!$D$38*F75)+('Enchant Stats'!$D$39*F76)+('Enchant Stats'!$D$40*F77)+('Enchant Stats'!$D$41*F78 ) -> 0.19221785 | G80: =('Enchant Stats'!$D$38*G75)+('Enchant Stats'!$D$39*G76)+('Enchant Stats'!$D$40*G77)+('Enchant Stats'!$D$41*G78 ) -> 0.20767344 | H80: =('Enchant Stats'!$D$38*H75)+('Enchant Stats'!$D$39*H76)+('Enchant Stats'!$D$40*H77)+('Enchant Stats'!$D$41*H78 ) -> 0.22312903 | I80: =('Enchant Stats'!$D$38*I75)+('Enchant Stats'!$D$39*I76)+('Enchant Stats'!$D$40*I77)+('Enchant Stats'!$D$41*I78 ) -> 0.23858461 | J80: =('Enchant Stats'!$D$38*J75)+('Enchant Stats'!$D$39*J76)+('Enchant Stats'!$D$40*J77)+('Enchant Stats'!$D$41*J78 ) -> 0.26778922 | K80: =('Enchant Stats'!$D$38*K75)+('Enchant Stats'!$D$39*K76)+('Enchant Stats'!$D$40*K77)+('Enchant Stats'!$D$41*K78 ) -> 0.29236135 | ... S80: =('Enchant Stats'!$D$38*S75)+('Enchant Stats'!$D$39*S76)+('Enchant Stats'!$D$40*S77)+('Enchant Stats'!$D$41*S78 ) -> 0.56021885
B82: Mushroom Forest | E82: Cyan | J82: Yellow | O82: Green
B83: Star Level | D83: 5 | E83: 6 | F83: 7 | G83: 8 | H83: 9 | I83: 10 | J83: 11 | K83: 12 | L83: 13 | M83: 14 | N83: 15 | O83: 16 | P83: 17 | Q83: 18 | R83: 19 | S83: 20
B84: o Common o | D84: =VLOOKUP($B84,INDIRECT(CONCATENATE("ChestData", SUBSTITUTE($B$82," ",""))),3,FALSE) -> 0.75 | E84: =VLOOKUP($B84,INDIRECT(CONCATENATE("ChestData", SUBSTITUTE($B$82," ",""))),4,FALSE)+HLOOKUP($E$82,INDIRECT(CONCATENATE("ChestData", SUBSTITUTE($B$82," ",""))),7,FALSE)*(MOD(E$83-1, 5)+1) -> 0.7414 | F84: =VLOOKUP($B84,INDIRECT(CONCATENATE("ChestData", SUBSTITUTE($B$82," ",""))),4,FALSE)+HLOOKUP($E$82,INDIRECT(CONCATENATE("ChestData", SUBSTITUTE($B$82," ",""))),7,FALSE)*(MOD(F$83-1, 5)+1) -> 0.7328 | G84: =VLOOKUP($B84,INDIRECT(CONCATENATE("ChestData", SUBSTITUTE($B$82," ",""))),4,FALSE)+HLOOKUP($E$82,INDIRECT(CONCATENATE("ChestData", SUBSTITUTE($B$82," ",""))),7,FALSE)*(MOD(G$83-1, 5)+1) -> 0.7242 | H84: =VLOOKUP($B84,INDIRECT(CONCATENATE("ChestData", SUBSTITUTE($B$82," ",""))),4,FALSE)+HLOOKUP($E$82,INDIRECT(CONCATENATE("ChestData", SUBSTITUTE($B$82," ",""))),7,FALSE)*(MOD(H$83-1, 5)+1) -> 0.7156 | I84: =VLOOKUP($B84,INDIRECT(CONCATENATE("ChestData", SUBSTITUTE($B$82," ",""))),4,FALSE)+HLOOKUP($E$82,INDIRECT(CONCATENATE("ChestData", SUBSTITUTE($B$82," ",""))),7,FALSE)*(MOD(I$83-1, 5)+1) -> 0.707 | J84: =VLOOKUP($B84,INDIRECT(CONCATENATE("ChestData", SUBSTITUTE($B$82," ",""))),5,FALSE)+HLOOKUP($J$82,INDIRECT(CONCATENATE("ChestData", SUBSTITUTE($B$82," ",""))),7,FALSE)*(MOD(J$83-1, 5)+1) -> 0.7071 | K84: =VLOOKUP($B84,INDIRECT(CONCATENATE("ChestData", SUBSTITUTE($B$82," ",""))),5,FALSE)+HLOOKUP($J$82,INDIRECT(CONCATENATE("ChestData", SUBSTITUTE($B$82," ",""))),7,FALSE)*(MOD(K$83-1, 5)+1) -> 0.6972 | L84: =VLOOKUP($B84,INDIRECT(CONCATENATE("ChestData", SUBSTITUTE($B$82," ",""))),5,FALSE)+HLOOKUP($J$82,INDIRECT(CONCATENATE("ChestData", SUBSTITUTE($B$82," ",""))),7,FALSE)*(MOD(L$83-1, 5)+1) -> 0.6873 | M84: =VLOOKUP($B84,INDIRECT(CONCATENATE("ChestData", SUBSTITUTE($B$82," ",""))),5,FALSE)+HLOOKUP($J$82,INDIRECT(CONCATENATE("ChestData", SUBSTITUTE($B$82," ",""))),7,FALSE)*(MOD(M$83-1, 5)+1) -> 0.6774 | N84: =VLOOKUP($B84,INDIRECT(CONCATENATE("ChestData", SUBSTITUTE($B$82," ",""))),5,FALSE)+HLOOKUP($J$82,INDIRECT(CONCATENATE("ChestData", SUBSTITUTE($B$82," ",""))),7,FALSE)*(MOD(N$83-1, 5)+1) -> 0.6675 | O84: =VLOOKUP($B84,INDIRECT(CONCATENATE("ChestData", SUBSTITUTE($B$82," ",""))),6,FALSE)+HLOOKUP($O$82,INDIRECT(CONCATENATE("ChestData", SUBSTITUTE($B$82," ",""))),7,FALSE)*(MOD(O$83-1, 5)+1) -> 0.95575 | P84: =VLOOKUP($B84,INDIRECT(CONCATENATE("ChestData", SUBSTITUTE($B$82," ",""))),6,FALSE)+HLOOKUP($O$82,INDIRECT(CONCATENATE("ChestData", SUBSTITUTE($B$82," ",""))),7,FALSE)*(MOD(P$83-1, 5)+1) -> 0.93225 | Q84: =VLOOKUP($B84,INDIRECT(CONCATENATE("ChestData", SUBSTITUTE($B$82," ",""))),6,FALSE)+HLOOKUP($O$82,INDIRECT(CONCATENATE("ChestData", SUBSTITUTE($B$82," ",""))),7,FALSE)*(MOD(Q$83-1, 5)+1) -> 0.90875 | R84: =VLOOKUP($B84,INDIRECT(CONCATENATE("ChestData", SUBSTITUTE($B$82," ",""))),6,FALSE)+HLOOKUP($O$82,INDIRECT(CONCATENATE("ChestData", SUBSTITUTE($B$82," ",""))),7,FALSE)*(MOD(R$83-1, 5)+1) -> 0.88525 | S84: =VLOOKUP($B84,INDIRECT(CONCATENATE("ChestData", SUBSTITUTE($B$82," ",""))),6,FALSE)+HLOOKUP($O$82,INDIRECT(CONCATENATE("ChestData", SUBSTITUTE($B$82," ",""))),7,FALSE)*(MOD(S$83-1, 5)+1) -> 0.86175
B85: 8 Giant 8 | D85: =VLOOKUP($B85,INDIRECT(CONCATENATE("ChestData", SUBSTITUTE($B$82," ",""))),3,FALSE) -> 0.2 | E85: =VLOOKUP($B85,INDIRECT(CONCATENATE("ChestData", SUBSTITUTE($B$82," ",""))),4,FALSE)+HLOOKUP($E$82,INDIRECT(CONCATENATE("ChestData", SUBSTITUTE($B$82," ",""))),8,FALSE)*(MOD(E$83-1, 5)+1) -> 0.2025 | F85: =VLOOKUP($B85,INDIRECT(CONCATENATE("ChestData", SUBSTITUTE($B$82," ",""))),4,FALSE)+HLOOKUP($E$82,INDIRECT(CONCATENATE("ChestData", SUBSTITUTE($B$82," ",""))),8,FALSE)*(MOD(F$83-1, 5)+1) -> 0.205 | G85: =VLOOKUP($B85,INDIRECT(CONCATENATE("ChestData", SUBSTITUTE($B$82," ",""))),4,FALSE)+HLOOKUP($E$82,INDIRECT(CONCATENATE("ChestData", SUBSTITUTE($B$82," ",""))),8,FALSE)*(MOD(G$83-1, 5)+1) -> 0.2075 | H85: =VLOOKUP($B85,INDIRECT(CONCATENATE("ChestData", SUBSTITUTE($B$82," ",""))),4,FALSE)+HLOOKUP($E$82,INDIRECT(CONCATENATE("ChestData", SUBSTITUTE($B$82," ",""))),8,FALSE)*(MOD(H$83-1, 5)+1) -> 0.21 | I85: =VLOOKUP($B85,INDIRECT(CONCATENATE("ChestData", SUBSTITUTE($B$82," ",""))),4,FALSE)+HLOOKUP($E$82,INDIRECT(CONCATENATE("ChestData", SUBSTITUTE($B$82," ",""))),8,FALSE)*(MOD(I$83-1, 5)+1) -> 0.2125 | J85: =VLOOKUP($B85,INDIRECT(CONCATENATE("ChestData", SUBSTITUTE($B$82," ",""))),5,FALSE)+HLOOKUP($J$82,INDIRECT(CONCATENATE("ChestData", SUBSTITUTE($B$82," ",""))),8,FALSE)*(MOD(J$83-1, 5)+1) -> 0.2 | K85: =VLOOKUP($B85,INDIRECT(CONCATENATE("ChestData", SUBSTITUTE($B$82," ",""))),5,FALSE)+HLOOKUP($J$82,INDIRECT(CONCATENATE("ChestData", SUBSTITUTE($B$82," ",""))),8,FALSE)*(MOD(K$83-1, 5)+1) -> 0.2 | L85: =VLOOKUP($B85,INDIRECT(CONCATENATE("ChestData", SUBSTITUTE($B$82," ",""))),5,FALSE)+HLOOKUP($J$82,INDIRECT(CONCATENATE("ChestData", SUBSTITUTE($B$82," ",""))),8,FALSE)*(MOD(L$83-1, 5)+1) -> 0.2 | M85: =VLOOKUP($B85,INDIRECT(CONCATENATE("ChestData", SUBSTITUTE($B$82," ",""))),5,FALSE)+HLOOKUP($J$82,INDIRECT(CONCATENATE("ChestData", SUBSTITUTE($B$82," ",""))),8,FALSE)*(MOD(M$83-1, 5)+1) -> 0.2 | N85: =VLOOKUP($B85,INDIRECT(CONCATENATE("ChestData", SUBSTITUTE($B$82," ",""))),5,FALSE)+HLOOKUP($J$82,INDIRECT(CONCATENATE("ChestData", SUBSTITUTE($B$82," ",""))),8,FALSE)*(MOD(N$83-1, 5)+1) -> 0.2 | O85: =VLOOKUP($B85,INDIRECT(CONCATENATE("ChestData", SUBSTITUTE($B$82," ",""))),6,FALSE)+HLOOKUP($O$82,INDIRECT(CONCATENATE("ChestData", SUBSTITUTE($B$82," ",""))),8,FALSE)*(MOD(O$83-1, 5)+1) -> 0 | P85: =VLOOKUP($B85,INDIRECT(CONCATENATE("ChestData", SUBSTITUTE($B$82," ",""))),6,FALSE)+HLOOKUP($O$82,INDIRECT(CONCATENATE("ChestData", SUBSTITUTE($B$82," ",""))),8,FALSE)*(MOD(P$83-1, 5)+1) -> 0 | Q85: =VLOOKUP($B85,INDIRECT(CONCATENATE("ChestData", SUBSTITUTE($B$82," ",""))),6,FALSE)+HLOOKUP($O$82,INDIRECT(CONCATENATE("ChestData", SUBSTITUTE($B$82," ",""))),8,FALSE)*(MOD(Q$83-1, 5)+1) -> 0 | R85: =VLOOKUP($B85,INDIRECT(CONCATENATE("ChestData", SUBSTITUTE($B$82," ",""))),6,FALSE)+HLOOKUP($O$82,INDIRECT(CONCATENATE("ChestData", SUBSTITUTE($B$82," ",""))),8,FALSE)*(MOD(R$83-1, 5)+1) -> 0 | S85: =VLOOKUP($B85,INDIRECT(CONCATENATE("ChestData", SUBSTITUTE($B$82," ",""))),6,FALSE)+HLOOKUP($O$82,INDIRECT(CONCATENATE("ChestData", SUBSTITUTE($B$82," ",""))),8,FALSE)*(MOD(S$83-1, 5)+1) -> 0
B86: Ω Omega Ω | D86: =VLOOKUP($B86,INDIRECT(CONCATENATE("ChestData", SUBSTITUTE($B$82," ",""))),3,FALSE) -> 0.045 | E86: =VLOOKUP($B86,INDIRECT(CONCATENATE("ChestData", SUBSTITUTE($B$82," ",""))),4,FALSE)+HLOOKUP($E$82,INDIRECT(CONCATENATE("ChestData", SUBSTITUTE($B$82," ",""))),9,FALSE)*(MOD(E$83-1, 5)+1) -> 0.0505 | F86: =VLOOKUP($B86,INDIRECT(CONCATENATE("ChestData", SUBSTITUTE($B$82," ",""))),4,FALSE)+HLOOKUP($E$82,INDIRECT(CONCATENATE("ChestData", SUBSTITUTE($B$82," ",""))),9,FALSE)*(MOD(F$83-1, 5)+1) -> 0.056 | G86: =VLOOKUP($B86,INDIRECT(CONCATENATE("ChestData", SUBSTITUTE($B$82," ",""))),4,FALSE)+HLOOKUP($E$82,INDIRECT(CONCATENATE("ChestData", SUBSTITUTE($B$82," ",""))),9,FALSE)*(MOD(G$83-1, 5)+1) -> 0.0615 | H86: =VLOOKUP($B86,INDIRECT(CONCATENATE("ChestData", SUBSTITUTE($B$82," ",""))),4,FALSE)+HLOOKUP($E$82,INDIRECT(CONCATENATE("ChestData", SUBSTITUTE($B$82," ",""))),9,FALSE)*(MOD(H$83-1, 5)+1) -> 0.067 | I86: =VLOOKUP($B86,INDIRECT(CONCATENATE("ChestData", SUBSTITUTE($B$82," ",""))),4,FALSE)+HLOOKUP($E$82,INDIRECT(CONCATENATE("ChestData", SUBSTITUTE($B$82," ",""))),9,FALSE)*(MOD(I$83-1, 5)+1) -> 0.0725 | J86: =VLOOKUP($B86,INDIRECT(CONCATENATE("ChestData", SUBSTITUTE($B$82," ",""))),5,FALSE)+HLOOKUP($J$82,INDIRECT(CONCATENATE("ChestData", SUBSTITUTE($B$82," ",""))),9,FALSE)*(MOD(J$83-1, 5)+1) -> 0.084 | K86: =VLOOKUP($B86,INDIRECT(CONCATENATE("ChestData", SUBSTITUTE($B$82," ",""))),5,FALSE)+HLOOKUP($J$82,INDIRECT(CONCATENATE("ChestData", SUBSTITUTE($B$82," ",""))),9,FALSE)*(MOD(K$83-1, 5)+1) -> 0.093 | L86: =VLOOKUP($B86,INDIRECT(CONCATENATE("ChestData", SUBSTITUTE($B$82," ",""))),5,FALSE)+HLOOKUP($J$82,INDIRECT(CONCATENATE("ChestData", SUBSTITUTE($B$82," ",""))),9,FALSE)*(MOD(L$83-1, 5)+1) -> 0.102 | M86: =VLOOKUP($B86,INDIRECT(CONCATENATE("ChestData", SUBSTITUTE($B$82," ",""))),5,FALSE)+HLOOKUP($J$82,INDIRECT(CONCATENATE("ChestData", SUBSTITUTE($B$82," ",""))),9,FALSE)*(MOD(M$83-1, 5)+1) -> 0.111 | N86: =VLOOKUP($B86,INDIRECT(CONCATENATE("ChestData", SUBSTITUTE($B$82," ",""))),5,FALSE)+HLOOKUP($J$82,INDIRECT(CONCATENATE("ChestData", SUBSTITUTE($B$82," ",""))),9,FALSE)*(MOD(N$83-1, 5)+1) -> 0.12 | O86: =VLOOKUP($B86,INDIRECT(CONCATENATE("ChestData", SUBSTITUTE($B$82," ",""))),6,FALSE)+HLOOKUP($O$82,INDIRECT(CONCATENATE("ChestData", SUBSTITUTE($B$82," ",""))),9,FALSE)*(MOD(O$83-1, 5)+1) -> 0.04 | P86: =VLOOKUP($B86,INDIRECT(CONCATENATE("ChestData", SUBSTITUTE($B$82," ",""))),6,FALSE)+HLOOKUP($O$82,INDIRECT(CONCATENATE("ChestData", SUBSTITUTE($B$82," ",""))),9,FALSE)*(MOD(P$83-1, 5)+1) -> 0.06 | Q86: =VLOOKUP($B86,INDIRECT(CONCATENATE("ChestData", SUBSTITUTE($B$82," ",""))),6,FALSE)+HLOOKUP($O$82,INDIRECT(CONCATENATE("ChestData", SUBSTITUTE($B$82," ",""))),9,FALSE)*(MOD(Q$83-1, 5)+1) -> 0.08 | R86: =VLOOKUP($B86,INDIRECT(CONCATENATE("ChestData", SUBSTITUTE($B$82," ",""))),6,FALSE)+HLOOKUP($O$82,INDIRECT(CONCATENATE("ChestData", SUBSTITUTE($B$82," ",""))),9,FALSE)*(MOD(R$83-1, 5)+1) -> 0.1 | S86: =VLOOKUP($B86,INDIRECT(CONCATENATE("ChestData", SUBSTITUTE($B$82," ",""))),6,FALSE)+HLOOKUP($O$82,INDIRECT(CONCATENATE("ChestData", SUBSTITUTE($B$82," ",""))),9,FALSE)*(MOD(S$83-1, 5)+1) -> 0.12
B87: Δ Delta Δ | D87: =VLOOKUP($B87,INDIRECT(CONCATENATE("ChestData", SUBSTITUTE($B$82," ",""))),3,FALSE) -> 0.005 | E87: =VLOOKUP($B87,INDIRECT(CONCATENATE("ChestData", SUBSTITUTE($B$82," ",""))),4,FALSE)+HLOOKUP($E$82,INDIRECT(CONCATENATE("ChestData", SUBSTITUTE($B$82," ",""))),10,FALSE)*(MOD(E$83-1, 5)+1) -> 0.0056 | F87: =VLOOKUP($B87,INDIRECT(CONCATENATE("ChestData", SUBSTITUTE($B$82," ",""))),4,FALSE)+HLOOKUP($E$82,INDIRECT(CONCATENATE("ChestData", SUBSTITUTE($B$82," ",""))),10,FALSE)*(MOD(F$83-1, 5)+1) -> 0.0062 | G87: =VLOOKUP($B87,INDIRECT(CONCATENATE("ChestData", SUBSTITUTE($B$82," ",""))),4,FALSE)+HLOOKUP($E$82,INDIRECT(CONCATENATE("ChestData", SUBSTITUTE($B$82," ",""))),10,FALSE)*(MOD(G$83-1, 5)+1) -> 0.0068 | H87: =VLOOKUP($B87,INDIRECT(CONCATENATE("ChestData", SUBSTITUTE($B$82," ",""))),4,FALSE)+HLOOKUP($E$82,INDIRECT(CONCATENATE("ChestData", SUBSTITUTE($B$82," ",""))),10,FALSE)*(MOD(H$83-1, 5)+1) -> 0.0074 | I87: =VLOOKUP($B87,INDIRECT(CONCATENATE("ChestData", SUBSTITUTE($B$82," ",""))),4,FALSE)+HLOOKUP($E$82,INDIRECT(CONCATENATE("ChestData", SUBSTITUTE($B$82," ",""))),10,FALSE)*(MOD(I$83-1, 5)+1) -> 0.008 | J87: =VLOOKUP($B87,INDIRECT(CONCATENATE("ChestData", SUBSTITUTE($B$82," ",""))),5,FALSE)+HLOOKUP($J$82,INDIRECT(CONCATENATE("ChestData", SUBSTITUTE($B$82," ",""))),10,FALSE)*(MOD(J$83-1, 5)+1) -> 0.0089 | K87: =VLOOKUP($B87,INDIRECT(CONCATENATE("ChestData", SUBSTITUTE($B$82," ",""))),5,FALSE)+HLOOKUP($J$82,INDIRECT(CONCATENATE("ChestData", SUBSTITUTE($B$82," ",""))),10,FALSE)*(MOD(K$83-1, 5)+1) -> 0.0098 | L87: =VLOOKUP($B87,INDIRECT(CONCATENATE("ChestData", SUBSTITUTE($B$82," ",""))),5,FALSE)+HLOOKUP($J$82,INDIRECT(CONCATENATE("ChestData", SUBSTITUTE($B$82," ",""))),10,FALSE)*(MOD(L$83-1, 5)+1) -> 0.0107 | M87: =VLOOKUP($B87,INDIRECT(CONCATENATE("ChestData", SUBSTITUTE($B$82," ",""))),5,FALSE)+HLOOKUP($J$82,INDIRECT(CONCATENATE("ChestData", SUBSTITUTE($B$82," ",""))),10,FALSE)*(MOD(M$83-1, 5)+1) -> 0.0116 | N87: =VLOOKUP($B87,INDIRECT(CONCATENATE("ChestData", SUBSTITUTE($B$82," ",""))),5,FALSE)+HLOOKUP($J$82,INDIRECT(CONCATENATE("ChestData", SUBSTITUTE($B$82," ",""))),10,FALSE)*(MOD(N$83-1, 5)+1) -> 0.0125 | O87: =VLOOKUP($B87,INDIRECT(CONCATENATE("ChestData", SUBSTITUTE($B$82," ",""))),6,FALSE)+HLOOKUP($O$82,INDIRECT(CONCATENATE("ChestData", SUBSTITUTE($B$82," ",""))),10,FALSE)*(MOD(O$83-1, 5)+1) -> 0.002 | P87: =VLOOKUP($B87,INDIRECT(CONCATENATE("ChestData", SUBSTITUTE($B$82," ",""))),6,FALSE)+HLOOKUP($O$82,INDIRECT(CONCATENATE("ChestData", SUBSTITUTE($B$82," ",""))),10,FALSE)*(MOD(P$83-1, 5)+1) -> 0.0035 | Q87: =VLOOKUP($B87,INDIRECT(CONCATENATE("ChestData", SUBSTITUTE($B$82," ",""))),6,FALSE)+HLOOKUP($O$82,INDIRECT(CONCATENATE("ChestData", SUBSTITUTE($B$82," ",""))),10,FALSE)*(MOD(Q$83-1, 5)+1) -> 0.005 | R87: =VLOOKUP($B87,INDIRECT(CONCATENATE("ChestData", SUBSTITUTE($B$82," ",""))),6,FALSE)+HLOOKUP($O$82,INDIRECT(CONCATENATE("ChestData", SUBSTITUTE($B$82," ",""))),10,FALSE)*(MOD(R$83-1, 5)+1) -> 0.0065 | S87: =VLOOKUP($B87,INDIRECT(CONCATENATE("ChestData", SUBSTITUTE($B$82," ",""))),6,FALSE)+HLOOKUP($O$82,INDIRECT(CONCATENATE("ChestData", SUBSTITUTE($B$82," ",""))),10,FALSE)*(MOD(S$83-1, 5)+1) -> 0.008
B88: Emerald Egg | D88: 0 | E88: 0 | F88: 0 | G88: 0 | H88: 0 | I88: 0 | J88: 0 | K88: 0 | L88: 0 | M88: 0 | N88: 0 | O88: =VLOOKUP($B88,INDIRECT(CONCATENATE("ChestData", SUBSTITUTE($B$82," ",""))),6,FALSE)+HLOOKUP($O$82,INDIRECT(CONCATENATE("ChestData", SUBSTITUTE($B$82," ",""))),11,FALSE)*(MOD(O$83-1, 5)+1) -> 0.00225 | P88: =VLOOKUP($B88,INDIRECT(CONCATENATE("ChestData", SUBSTITUTE($B$82," ",""))),6,FALSE)+HLOOKUP($O$82,INDIRECT(CONCATENATE("ChestData", SUBSTITUTE($B$82," ",""))),11,FALSE)*(MOD(P$83-1, 5)+1) -> 0.00425 | Q88: =VLOOKUP($B88,INDIRECT(CONCATENATE("ChestData", SUBSTITUTE($B$82," ",""))),6,FALSE)+HLOOKUP($O$82,INDIRECT(CONCATENATE("ChestData", SUBSTITUTE($B$82," ",""))),11,FALSE)*(MOD(Q$83-1, 5)+1) -> 0.00625 | R88: =VLOOKUP($B88,INDIRECT(CONCATENATE("ChestData", SUBSTITUTE($B$82," ",""))),6,FALSE)+HLOOKUP($O$82,INDIRECT(CONCATENATE("ChestData", SUBSTITUTE($B$82," ",""))),11,FALSE)*(MOD(R$83-1, 5)+1) -> 0.00825 | S88: =VLOOKUP($B88,INDIRECT(CONCATENATE("ChestData", SUBSTITUTE($B$82," ",""))),6,FALSE)+HLOOKUP($O$82,INDIRECT(CONCATENATE("ChestData", SUBSTITUTE($B$82," ",""))),11,FALSE)*(MOD(S$83-1, 5)+1) -> 0.01025
B89: Average Value per Clear | D89: =('Enchant Stats'!$D$38*D84)+('Enchant Stats'!$D$39*D85)+('Enchant Stats'!$D$40*D86)+('Enchant Stats'!$D$41*D87 ) -> 0.31754253 | E89: =('Enchant Stats'!$D$38*E84)+('Enchant Stats'!$D$39*E85)+('Enchant Stats'!$D$40*E86)+('Enchant Stats'!$D$41*E87 ) -> 0.34948974 | F89: =('Enchant Stats'!$D$38*F84)+('Enchant Stats'!$D$39*F85)+('Enchant Stats'!$D$40*F86)+('Enchant Stats'!$D$41*F87 ) -> 0.38143695 | G89: =('Enchant Stats'!$D$38*G84)+('Enchant Stats'!$D$39*G85)+('Enchant Stats'!$D$40*G86)+('Enchant Stats'!$D$41*G87 ) -> 0.41338417 | H89: =('Enchant Stats'!$D$38*H84)+('Enchant Stats'!$D$39*H85)+('Enchant Stats'!$D$40*H86)+('Enchant Stats'!$D$41*H87 ) -> 0.44533138 | I89: =('Enchant Stats'!$D$38*I84)+('Enchant Stats'!$D$39*I85)+('Enchant Stats'!$D$40*I86)+('Enchant Stats'!$D$41*I87 ) -> 0.47727859 | J89: =('Enchant Stats'!$D$38*J84)+('Enchant Stats'!$D$39*J85)+('Enchant Stats'!$D$40*J86)+('Enchant Stats'!$D$41*J87 ) -> 0.53050956 | K89: =('Enchant Stats'!$D$38*K84)+('Enchant Stats'!$D$39*K85)+('Enchant Stats'!$D$40*K86)+('Enchant Stats'!$D$41*K87 ) -> 0.5796558 | ... S89: =('Enchant Stats'!$D$38*S84)+('Enchant Stats'!$D$39*S85)+('Enchant Stats'!$D$40*S86)+('Enchant Stats'!$D$41*S87 ) -> 0.56021885
B91: Haunted Halls | E91: Cyan | J91: Yellow | O91: Green
B92: Star Level | D92: 5 | E92: 6 | F92: 7 | G92: 8 | H92: 9 | I92: 10 | J92: 11 | K92: 12 | L92: 13 | M92: 14 | N92: 15 | O92: 16 | P92: 17 | Q92: 18 | R92: 19 | S92: 20
B93: o Common o | D93: =VLOOKUP($B93,INDIRECT(CONCATENATE("ChestData", SUBSTITUTE($B$91," ",""))),3,FALSE) -> 0.8 | E93: =VLOOKUP($B93,INDIRECT(CONCATENATE("ChestData", SUBSTITUTE($B$91," ",""))),4,FALSE)+HLOOKUP($E$91,INDIRECT(CONCATENATE("ChestData", SUBSTITUTE($B$91," ",""))),7,FALSE)*(MOD(E$92-1, 5)+1) -> 0.855 | F93: =VLOOKUP($B93,INDIRECT(CONCATENATE("ChestData", SUBSTITUTE($B$91," ",""))),4,FALSE)+HLOOKUP($E$91,INDIRECT(CONCATENATE("ChestData", SUBSTITUTE($B$91," ",""))),7,FALSE)*(MOD(F$92-1, 5)+1) -> 0.845 | G93: =VLOOKUP($B93,INDIRECT(CONCATENATE("ChestData", SUBSTITUTE($B$91," ",""))),4,FALSE)+HLOOKUP($E$91,INDIRECT(CONCATENATE("ChestData", SUBSTITUTE($B$91," ",""))),7,FALSE)*(MOD(G$92-1, 5)+1) -> 0.835 | H93: =VLOOKUP($B93,INDIRECT(CONCATENATE("ChestData", SUBSTITUTE($B$91," ",""))),4,FALSE)+HLOOKUP($E$91,INDIRECT(CONCATENATE("ChestData", SUBSTITUTE($B$91," ",""))),7,FALSE)*(MOD(H$92-1, 5)+1) -> 0.825 | I93: =VLOOKUP($B93,INDIRECT(CONCATENATE("ChestData", SUBSTITUTE($B$91," ",""))),4,FALSE)+HLOOKUP($E$91,INDIRECT(CONCATENATE("ChestData", SUBSTITUTE($B$91," ",""))),7,FALSE)*(MOD(I$92-1, 5)+1) -> 0.815 | J93: =VLOOKUP($B93,INDIRECT(CONCATENATE("ChestData", SUBSTITUTE($B$91," ",""))),5,FALSE)+HLOOKUP($J$91,INDIRECT(CONCATENATE("ChestData", SUBSTITUTE($B$91," ",""))),7,FALSE)*(MOD(J$92-1, 5)+1) -> 0.665 | K93: =VLOOKUP($B93,INDIRECT(CONCATENATE("ChestData", SUBSTITUTE($B$91," ",""))),5,FALSE)+HLOOKUP($J$91,INDIRECT(CONCATENATE("ChestData", SUBSTITUTE($B$91," ",""))),7,FALSE)*(MOD(K$92-1, 5)+1) -> 0.65 | L93: =VLOOKUP($B93,INDIRECT(CONCATENATE("ChestData", SUBSTITUTE($B$91," ",""))),5,FALSE)+HLOOKUP($J$91,INDIRECT(CONCATENATE("ChestData", SUBSTITUTE($B$91," ",""))),7,FALSE)*(MOD(L$92-1, 5)+1) -> 0.635 | M93: =VLOOKUP($B93,INDIRECT(CONCATENATE("ChestData", SUBSTITUTE($B$91," ",""))),5,FALSE)+HLOOKUP($J$91,INDIRECT(CONCATENATE("ChestData", SUBSTITUTE($B$91," ",""))),7,FALSE)*(MOD(M$92-1, 5)+1) -> 0.62 | N93: =VLOOKUP($B93,INDIRECT(CONCATENATE("ChestData", SUBSTITUTE($B$91," ",""))),5,FALSE)+HLOOKUP($J$91,INDIRECT(CONCATENATE("ChestData", SUBSTITUTE($B$91," ",""))),7,FALSE)*(MOD(N$92-1, 5)+1) -> 0.605 | O93: =VLOOKUP($B93,INDIRECT(CONCATENATE("ChestData", SUBSTITUTE($B$91," ",""))),6,FALSE)+HLOOKUP($O$91,INDIRECT(CONCATENATE("ChestData", SUBSTITUTE($B$91," ",""))),7,FALSE)*(MOD(O$92-1, 5)+1) -> 0.95525 | P93: =VLOOKUP($B93,INDIRECT(CONCATENATE("ChestData", SUBSTITUTE($B$91," ",""))),6,FALSE)+HLOOKUP($O$91,INDIRECT(CONCATENATE("ChestData", SUBSTITUTE($B$91," ",""))),7,FALSE)*(MOD(P$92-1, 5)+1) -> 0.93125 | Q93: =VLOOKUP($B93,INDIRECT(CONCATENATE("ChestData", SUBSTITUTE($B$91," ",""))),6,FALSE)+HLOOKUP($O$91,INDIRECT(CONCATENATE("ChestData", SUBSTITUTE($B$91," ",""))),7,FALSE)*(MOD(Q$92-1, 5)+1) -> 0.90725 | R93: =VLOOKUP($B93,INDIRECT(CONCATENATE("ChestData", SUBSTITUTE($B$91," ",""))),6,FALSE)+HLOOKUP($O$91,INDIRECT(CONCATENATE("ChestData", SUBSTITUTE($B$91," ",""))),7,FALSE)*(MOD(R$92-1, 5)+1) -> 0.88325 | S93: =VLOOKUP($B93,INDIRECT(CONCATENATE("ChestData", SUBSTITUTE($B$91," ",""))),6,FALSE)+HLOOKUP($O$91,INDIRECT(CONCATENATE("ChestData", SUBSTITUTE($B$91," ",""))),7,FALSE)*(MOD(S$92-1, 5)+1) -> 0.85925
B94: 8 Giant 8 | D94: =VLOOKUP($B94,INDIRECT(CONCATENATE("ChestData", SUBSTITUTE($B$91," ",""))),3,FALSE) -> 0.17 | E94: =VLOOKUP($B94,INDIRECT(CONCATENATE("ChestData", SUBSTITUTE($B$91," ",""))),4,FALSE)+HLOOKUP($E$91,INDIRECT(CONCATENATE("ChestData", SUBSTITUTE($B$91," ",""))),8,FALSE)*(MOD(E$92-1, 5)+1) -> 0.1 | F94: =VLOOKUP($B94,INDIRECT(CONCATENATE("ChestData", SUBSTITUTE($B$91," ",""))),4,FALSE)+HLOOKUP($E$91,INDIRECT(CONCATENATE("ChestData", SUBSTITUTE($B$91," ",""))),8,FALSE)*(MOD(F$92-1, 5)+1) -> 0.1 | G94: =VLOOKUP($B94,INDIRECT(CONCATENATE("ChestData", SUBSTITUTE($B$91," ",""))),4,FALSE)+HLOOKUP($E$91,INDIRECT(CONCATENATE("ChestData", SUBSTITUTE($B$91," ",""))),8,FALSE)*(MOD(G$92-1, 5)+1) -> 0.1 | H94: =VLOOKUP($B94,INDIRECT(CONCATENATE("ChestData", SUBSTITUTE($B$91," ",""))),4,FALSE)+HLOOKUP($E$91,INDIRECT(CONCATENATE("ChestData", SUBSTITUTE($B$91," ",""))),8,FALSE)*(MOD(H$92-1, 5)+1) -> 0.1 | I94: =VLOOKUP($B94,INDIRECT(CONCATENATE("ChestData", SUBSTITUTE($B$91," ",""))),4,FALSE)+HLOOKUP($E$91,INDIRECT(CONCATENATE("ChestData", SUBSTITUTE($B$91," ",""))),8,FALSE)*(MOD(I$92-1, 5)+1) -> 0.1 | J94: =VLOOKUP($B94,INDIRECT(CONCATENATE("ChestData", SUBSTITUTE($B$91," ",""))),5,FALSE)+HLOOKUP($J$91,INDIRECT(CONCATENATE("ChestData", SUBSTITUTE($B$91," ",""))),8,FALSE)*(MOD(J$92-1, 5)+1) -> 0.253 | K94: =VLOOKUP($B94,INDIRECT(CONCATENATE("ChestData", SUBSTITUTE($B$91," ",""))),5,FALSE)+HLOOKUP($J$91,INDIRECT(CONCATENATE("ChestData", SUBSTITUTE($B$91," ",""))),8,FALSE)*(MOD(K$92-1, 5)+1) -> 0.256 | L94: =VLOOKUP($B94,INDIRECT(CONCATENATE("ChestData", SUBSTITUTE($B$91," ",""))),5,FALSE)+HLOOKUP($J$91,INDIRECT(CONCATENATE("ChestData", SUBSTITUTE($B$91," ",""))),8,FALSE)*(MOD(L$92-1, 5)+1) -> 0.259 | M94: =VLOOKUP($B94,INDIRECT(CONCATENATE("ChestData", SUBSTITUTE($B$91," ",""))),5,FALSE)+HLOOKUP($J$91,INDIRECT(CONCATENATE("ChestData", SUBSTITUTE($B$91," ",""))),8,FALSE)*(MOD(M$92-1, 5)+1) -> 0.262 | N94: =VLOOKUP($B94,INDIRECT(CONCATENATE("ChestData", SUBSTITUTE($B$91," ",""))),5,FALSE)+HLOOKUP($J$91,INDIRECT(CONCATENATE("ChestData", SUBSTITUTE($B$91," ",""))),8,FALSE)*(MOD(N$92-1, 5)+1) -> 0.265 | O94: =VLOOKUP($B94,INDIRECT(CONCATENATE("ChestData", SUBSTITUTE($B$91," ",""))),6,FALSE)+HLOOKUP($O$91,INDIRECT(CONCATENATE("ChestData", SUBSTITUTE($B$91," ",""))),8,FALSE)*(MOD(O$92-1, 5)+1) -> 0 | P94: =VLOOKUP($B94,INDIRECT(CONCATENATE("ChestData", SUBSTITUTE($B$91," ",""))),6,FALSE)+HLOOKUP($O$91,INDIRECT(CONCATENATE("ChestData", SUBSTITUTE($B$91," ",""))),8,FALSE)*(MOD(P$92-1, 5)+1) -> 0 | Q94: =VLOOKUP($B94,INDIRECT(CONCATENATE("ChestData", SUBSTITUTE($B$91," ",""))),6,FALSE)+HLOOKUP($O$91,INDIRECT(CONCATENATE("ChestData", SUBSTITUTE($B$91," ",""))),8,FALSE)*(MOD(Q$92-1, 5)+1) -> 0 | R94: =VLOOKUP($B94,INDIRECT(CONCATENATE("ChestData", SUBSTITUTE($B$91," ",""))),6,FALSE)+HLOOKUP($O$91,INDIRECT(CONCATENATE("ChestData", SUBSTITUTE($B$91," ",""))),8,FALSE)*(MOD(R$92-1, 5)+1) -> 0 | S94: =VLOOKUP($B94,INDIRECT(CONCATENATE("ChestData", SUBSTITUTE($B$91," ",""))),6,FALSE)+HLOOKUP($O$91,INDIRECT(CONCATENATE("ChestData", SUBSTITUTE($B$91," ",""))),8,FALSE)*(MOD(S$92-1, 5)+1) -> 0
B95: Ω Omega Ω | D95: =VLOOKUP($B95,INDIRECT(CONCATENATE("ChestData", SUBSTITUTE($B$91," ",""))),3,FALSE) -> 0.025 | E95: =VLOOKUP($B95,INDIRECT(CONCATENATE("ChestData", SUBSTITUTE($B$91," ",""))),4,FALSE)+HLOOKUP($E$91,INDIRECT(CONCATENATE("ChestData", SUBSTITUTE($B$91," ",""))),9,FALSE)*(MOD(E$92-1, 5)+1) -> 0.039 | F95: =VLOOKUP($B95,INDIRECT(CONCATENATE("ChestData", SUBSTITUTE($B$91," ",""))),4,FALSE)+HLOOKUP($E$91,INDIRECT(CONCATENATE("ChestData", SUBSTITUTE($B$91," ",""))),9,FALSE)*(MOD(F$92-1, 5)+1) -> 0.048 | G95: =VLOOKUP($B95,INDIRECT(CONCATENATE("ChestData", SUBSTITUTE($B$91," ",""))),4,FALSE)+HLOOKUP($E$91,INDIRECT(CONCATENATE("ChestData", SUBSTITUTE($B$91," ",""))),9,FALSE)*(MOD(G$92-1, 5)+1) -> 0.057 | H95: =VLOOKUP($B95,INDIRECT(CONCATENATE("ChestData", SUBSTITUTE($B$91," ",""))),4,FALSE)+HLOOKUP($E$91,INDIRECT(CONCATENATE("ChestData", SUBSTITUTE($B$91," ",""))),9,FALSE)*(MOD(H$92-1, 5)+1) -> 0.066 | I95: =VLOOKUP($B95,INDIRECT(CONCATENATE("ChestData", SUBSTITUTE($B$91," ",""))),4,FALSE)+HLOOKUP($E$91,INDIRECT(CONCATENATE("ChestData", SUBSTITUTE($B$91," ",""))),9,FALSE)*(MOD(I$92-1, 5)+1) -> 0.075 | J95: =VLOOKUP($B95,INDIRECT(CONCATENATE("ChestData", SUBSTITUTE($B$91," ",""))),5,FALSE)+HLOOKUP($J$91,INDIRECT(CONCATENATE("ChestData", SUBSTITUTE($B$91," ",""))),9,FALSE)*(MOD(J$92-1, 5)+1) -> 0.07 | K95: =VLOOKUP($B95,INDIRECT(CONCATENATE("ChestData", SUBSTITUTE($B$91," ",""))),5,FALSE)+HLOOKUP($J$91,INDIRECT(CONCATENATE("ChestData", SUBSTITUTE($B$91," ",""))),9,FALSE)*(MOD(K$92-1, 5)+1) -> 0.08 | L95: =VLOOKUP($B95,INDIRECT(CONCATENATE("ChestData", SUBSTITUTE($B$91," ",""))),5,FALSE)+HLOOKUP($J$91,INDIRECT(CONCATENATE("ChestData", SUBSTITUTE($B$91," ",""))),9,FALSE)*(MOD(L$92-1, 5)+1) -> 0.09 | M95: =VLOOKUP($B95,INDIRECT(CONCATENATE("ChestData", SUBSTITUTE($B$91," ",""))),5,FALSE)+HLOOKUP($J$91,INDIRECT(CONCATENATE("ChestData", SUBSTITUTE($B$91," ",""))),9,FALSE)*(MOD(M$92-1, 5)+1) -> 0.1 | N95: =VLOOKUP($B95,INDIRECT(CONCATENATE("ChestData", SUBSTITUTE($B$91," ",""))),5,FALSE)+HLOOKUP($J$91,INDIRECT(CONCATENATE("ChestData", SUBSTITUTE($B$91," ",""))),9,FALSE)*(MOD(N$92-1, 5)+1) -> 0.11 | O95: =VLOOKUP($B95,INDIRECT(CONCATENATE("ChestData", SUBSTITUTE($B$91," ",""))),6,FALSE)+HLOOKUP($O$91,INDIRECT(CONCATENATE("ChestData", SUBSTITUTE($B$91," ",""))),9,FALSE)*(MOD(O$92-1, 5)+1) -> 0.04 | P95: =VLOOKUP($B95,INDIRECT(CONCATENATE("ChestData", SUBSTITUTE($B$91," ",""))),6,FALSE)+HLOOKUP($O$91,INDIRECT(CONCATENATE("ChestData", SUBSTITUTE($B$91," ",""))),9,FALSE)*(MOD(P$92-1, 5)+1) -> 0.06 | Q95: =VLOOKUP($B95,INDIRECT(CONCATENATE("ChestData", SUBSTITUTE($B$91," ",""))),6,FALSE)+HLOOKUP($O$91,INDIRECT(CONCATENATE("ChestData", SUBSTITUTE($B$91," ",""))),9,FALSE)*(MOD(Q$92-1, 5)+1) -> 0.08 | R95: =VLOOKUP($B95,INDIRECT(CONCATENATE("ChestData", SUBSTITUTE($B$91," ",""))),6,FALSE)+HLOOKUP($O$91,INDIRECT(CONCATENATE("ChestData", SUBSTITUTE($B$91," ",""))),9,FALSE)*(MOD(R$92-1, 5)+1) -> 0.1 | S95: =VLOOKUP($B95,INDIRECT(CONCATENATE("ChestData", SUBSTITUTE($B$91," ",""))),6,FALSE)+HLOOKUP($O$91,INDIRECT(CONCATENATE("ChestData", SUBSTITUTE($B$91," ",""))),9,FALSE)*(MOD(S$92-1, 5)+1) -> 0.12
B96: Δ Delta Δ | D96: =VLOOKUP($B96,INDIRECT(CONCATENATE("ChestData", SUBSTITUTE($B$91," ",""))),3,FALSE) -> 0.005 | E96: =VLOOKUP($B96,INDIRECT(CONCATENATE("ChestData", SUBSTITUTE($B$91," ",""))),4,FALSE)+HLOOKUP($E$91,INDIRECT(CONCATENATE("ChestData", SUBSTITUTE($B$91," ",""))),10,FALSE)*(MOD(E$92-1, 5)+1) -> 0.006 | F96: =VLOOKUP($B96,INDIRECT(CONCATENATE("ChestData", SUBSTITUTE($B$91," ",""))),4,FALSE)+HLOOKUP($E$91,INDIRECT(CONCATENATE("ChestData", SUBSTITUTE($B$91," ",""))),10,FALSE)*(MOD(F$92-1, 5)+1) -> 0.007 | G96: =VLOOKUP($B96,INDIRECT(CONCATENATE("ChestData", SUBSTITUTE($B$91," ",""))),4,FALSE)+HLOOKUP($E$91,INDIRECT(CONCATENATE("ChestData", SUBSTITUTE($B$91," ",""))),10,FALSE)*(MOD(G$92-1, 5)+1) -> 0.008 | H96: =VLOOKUP($B96,INDIRECT(CONCATENATE("ChestData", SUBSTITUTE($B$91," ",""))),4,FALSE)+HLOOKUP($E$91,INDIRECT(CONCATENATE("ChestData", SUBSTITUTE($B$91," ",""))),10,FALSE)*(MOD(H$92-1, 5)+1) -> 0.009 | I96: =VLOOKUP($B96,INDIRECT(CONCATENATE("ChestData", SUBSTITUTE($B$91," ",""))),4,FALSE)+HLOOKUP($E$91,INDIRECT(CONCATENATE("ChestData", SUBSTITUTE($B$91," ",""))),10,FALSE)*(MOD(I$92-1, 5)+1) -> 0.01 | J96: =VLOOKUP($B96,INDIRECT(CONCATENATE("ChestData", SUBSTITUTE($B$91," ",""))),5,FALSE)+HLOOKUP($J$91,INDIRECT(CONCATENATE("ChestData", SUBSTITUTE($B$91," ",""))),10,FALSE)*(MOD(J$92-1, 5)+1) -> 0.012 | K96: =VLOOKUP($B96,INDIRECT(CONCATENATE("ChestData", SUBSTITUTE($B$91," ",""))),5,FALSE)+HLOOKUP($J$91,INDIRECT(CONCATENATE("ChestData", SUBSTITUTE($B$91," ",""))),10,FALSE)*(MOD(K$92-1, 5)+1) -> 0.014 | L96: =VLOOKUP($B96,INDIRECT(CONCATENATE("ChestData", SUBSTITUTE($B$91," ",""))),5,FALSE)+HLOOKUP($J$91,INDIRECT(CONCATENATE("ChestData", SUBSTITUTE($B$91," ",""))),10,FALSE)*(MOD(L$92-1, 5)+1) -> 0.016 | M96: =VLOOKUP($B96,INDIRECT(CONCATENATE("ChestData", SUBSTITUTE($B$91," ",""))),5,FALSE)+HLOOKUP($J$91,INDIRECT(CONCATENATE("ChestData", SUBSTITUTE($B$91," ",""))),10,FALSE)*(MOD(M$92-1, 5)+1) -> 0.018 | N96: =VLOOKUP($B96,INDIRECT(CONCATENATE("ChestData", SUBSTITUTE($B$91," ",""))),5,FALSE)+HLOOKUP($J$91,INDIRECT(CONCATENATE("ChestData", SUBSTITUTE($B$91," ",""))),10,FALSE)*(MOD(N$92-1, 5)+1) -> 0.02 | O96: =VLOOKUP($B96,INDIRECT(CONCATENATE("ChestData", SUBSTITUTE($B$91," ",""))),6,FALSE)+HLOOKUP($O$91,INDIRECT(CONCATENATE("ChestData", SUBSTITUTE($B$91," ",""))),10,FALSE)*(MOD(O$92-1, 5)+1) -> 0.002 | P96: =VLOOKUP($B96,INDIRECT(CONCATENATE("ChestData", SUBSTITUTE($B$91," ",""))),6,FALSE)+HLOOKUP($O$91,INDIRECT(CONCATENATE("ChestData", SUBSTITUTE($B$91," ",""))),10,FALSE)*(MOD(P$92-1, 5)+1) -> 0.0035 | Q96: =VLOOKUP($B96,INDIRECT(CONCATENATE("ChestData", SUBSTITUTE($B$91," ",""))),6,FALSE)+HLOOKUP($O$91,INDIRECT(CONCATENATE("ChestData", SUBSTITUTE($B$91," ",""))),10,FALSE)*(MOD(Q$92-1, 5)+1) -> 0.005 | R96: =VLOOKUP($B96,INDIRECT(CONCATENATE("ChestData", SUBSTITUTE($B$91," ",""))),6,FALSE)+HLOOKUP($O$91,INDIRECT(CONCATENATE("ChestData", SUBSTITUTE($B$91," ",""))),10,FALSE)*(MOD(R$92-1, 5)+1) -> 0.0065 | S96: =VLOOKUP($B96,INDIRECT(CONCATENATE("ChestData", SUBSTITUTE($B$91," ",""))),6,FALSE)+HLOOKUP($O$91,INDIRECT(CONCATENATE("ChestData", SUBSTITUTE($B$91," ",""))),10,FALSE)*(MOD(S$92-1, 5)+1) -> 0.008
B97: Emerald Egg | D97: 0 | E97: 0 | F97: 0 | G97: 0 | H97: 0 | I97: 0 | J97: 0 | K97: 0 | L97: 0 | M97: 0 | N97: 0 | O97: =VLOOKUP($B97,INDIRECT(CONCATENATE("ChestData", SUBSTITUTE($B$91," ",""))),6,FALSE)+HLOOKUP($O$91,INDIRECT(CONCATENATE("ChestData", SUBSTITUTE($B$91," ",""))),11,FALSE)*(MOD(O$92-1, 5)+1) -> 0.00275 | P97: =VLOOKUP($B97,INDIRECT(CONCATENATE("ChestData", SUBSTITUTE($B$91," ",""))),6,FALSE)+HLOOKUP($O$91,INDIRECT(CONCATENATE("ChestData", SUBSTITUTE($B$91," ",""))),11,FALSE)*(MOD(P$92-1, 5)+1) -> 0.00525 | Q97: =VLOOKUP($B97,INDIRECT(CONCATENATE("ChestData", SUBSTITUTE($B$91," ",""))),6,FALSE)+HLOOKUP($O$91,INDIRECT(CONCATENATE("ChestData", SUBSTITUTE($B$91," ",""))),11,FALSE)*(MOD(Q$92-1, 5)+1) -> 0.00775 | R97: =VLOOKUP($B97,INDIRECT(CONCATENATE("ChestData", SUBSTITUTE($B$91," ",""))),6,FALSE)+HLOOKUP($O$91,INDIRECT(CONCATENATE("ChestData", SUBSTITUTE($B$91," ",""))),11,FALSE)*(MOD(R$92-1, 5)+1) -> 0.01025 | S97: =VLOOKUP($B97,INDIRECT(CONCATENATE("ChestData", SUBSTITUTE($B$91," ",""))),6,FALSE)+HLOOKUP($O$91,INDIRECT(CONCATENATE("ChestData", SUBSTITUTE($B$91," ",""))),11,FALSE)*(MOD(S$92-1, 5)+1) -> 0.01275
B98: Average Value per Clear | D98: =('Enchant Stats'!$D$38*D93)+('Enchant Stats'!$D$39*D94)+('Enchant Stats'!$D$40*D95)+('Enchant Stats'!$D$41*D96 ) -> 0.2563824 | E98: =('Enchant Stats'!$D$38*E93)+('Enchant Stats'!$D$39*E94)+('Enchant Stats'!$D$40*E95)+('Enchant Stats'!$D$41*E96 ) -> 0.30657017 | F98: =('Enchant Stats'!$D$38*F93)+('Enchant Stats'!$D$39*F94)+('Enchant Stats'!$D$40*F95)+('Enchant Stats'!$D$41*F96 ) -> 0.35844774 | G98: =('Enchant Stats'!$D$38*G93)+('Enchant Stats'!$D$39*G94)+('Enchant Stats'!$D$40*G95)+('Enchant Stats'!$D$41*G96 ) -> 0.4103253 | H98: =('Enchant Stats'!$D$38*H93)+('Enchant Stats'!$D$39*H94)+('Enchant Stats'!$D$40*H95)+('Enchant Stats'!$D$41*H96 ) -> 0.46220287 | I98: =('Enchant Stats'!$D$38*I93)+('Enchant Stats'!$D$39*I94)+('Enchant Stats'!$D$40*I95)+('Enchant Stats'!$D$41*I96 ) -> 0.51408044 | J98: =('Enchant Stats'!$D$38*J93)+('Enchant Stats'!$D$39*J94)+('Enchant Stats'!$D$40*J95)+('Enchant Stats'!$D$41*J96 ) -> 0.58858167 | K98: =('Enchant Stats'!$D$38*K93)+('Enchant Stats'!$D$39*K94)+('Enchant Stats'!$D$40*K95)+('Enchant Stats'!$D$41*K96 ) -> 0.67115918 | ... S98: =('Enchant Stats'!$D$38*S93)+('Enchant Stats'!$D$39*S94)+('Enchant Stats'!$D$40*S95)+('Enchant Stats'!$D$41*S96 ) -> 0.56018301
B100: Boiling Mine | E100: Cyan | J100: Yellow | O100: Green
B101: Star Level | D101: 5 | E101: 6 | F101: 7 | G101: 8 | H101: 9 | I101: 10 | J101: 11 | K101: 12 | L101: 13 | M101: 14 | N101: 15 | O101: 16 | P101: 17 | Q101: 18 | R101: 19 | S101: 20
B102: o Common o | D102: =VLOOKUP($B102,INDIRECT(CONCATENATE("ChestData", SUBSTITUTE($B$100," ",""))),3,FALSE) -> 0.79 | E102: =VLOOKUP($B102,INDIRECT(CONCATENATE("ChestData", SUBSTITUTE($B$100," ",""))),4,FALSE)+HLOOKUP($E$100,INDIRECT(CONCATENATE("ChestData", SUBSTITUTE($B$100," ",""))),7,FALSE)*(MOD(E$101-1, 5)+1) -> 0.855 | F102: =VLOOKUP($B102,INDIRECT(CONCATENATE("ChestData", SUBSTITUTE($B$100," ",""))),4,FALSE)+HLOOKUP($E$100,INDIRECT(CONCATENATE("ChestData", SUBSTITUTE($B$100," ",""))),7,FALSE)*(MOD(F$101-1, 5)+1) -> 0.845 | G102: =VLOOKUP($B102,INDIRECT(CONCATENATE("ChestData", SUBSTITUTE($B$100," ",""))),4,FALSE)+HLOOKUP($E$100,INDIRECT(CONCATENATE("ChestData", SUBSTITUTE($B$100," ",""))),7,FALSE)*(MOD(G$101-1, 5)+1) -> 0.835 | H102: =VLOOKUP($B102,INDIRECT(CONCATENATE("ChestData", SUBSTITUTE($B$100," ",""))),4,FALSE)+HLOOKUP($E$100,INDIRECT(CONCATENATE("ChestData", SUBSTITUTE($B$100," ",""))),7,FALSE)*(MOD(H$101-1, 5)+1) -> 0.825 | I102: =VLOOKUP($B102,INDIRECT(CONCATENATE("ChestData", SUBSTITUTE($B$100," ",""))),4,FALSE)+HLOOKUP($E$100,INDIRECT(CONCATENATE("ChestData", SUBSTITUTE($B$100," ",""))),7,FALSE)*(MOD(I$101-1, 5)+1) -> 0.815 | J102: =VLOOKUP($B102,INDIRECT(CONCATENATE("ChestData", SUBSTITUTE($B$100," ",""))),5,FALSE)+HLOOKUP($J$100,INDIRECT(CONCATENATE("ChestData", SUBSTITUTE($B$100," ",""))),7,FALSE)*(MOD(J$101-1, 5)+1) -> 0.818 | K102: =VLOOKUP($B102,INDIRECT(CONCATENATE("ChestData", SUBSTITUTE($B$100," ",""))),5,FALSE)+HLOOKUP($J$100,INDIRECT(CONCATENATE("ChestData", SUBSTITUTE($B$100," ",""))),7,FALSE)*(MOD(K$101-1, 5)+1) -> 0.786 | L102: =VLOOKUP($B102,INDIRECT(CONCATENATE("ChestData", SUBSTITUTE($B$100," ",""))),5,FALSE)+HLOOKUP($J$100,INDIRECT(CONCATENATE("ChestData", SUBSTITUTE($B$100," ",""))),7,FALSE)*(MOD(L$101-1, 5)+1) -> 0.754 | M102: =VLOOKUP($B102,INDIRECT(CONCATENATE("ChestData", SUBSTITUTE($B$100," ",""))),5,FALSE)+HLOOKUP($J$100,INDIRECT(CONCATENATE("ChestData", SUBSTITUTE($B$100," ",""))),7,FALSE)*(MOD(M$101-1, 5)+1) -> 0.722 | N102: =VLOOKUP($B102,INDIRECT(CONCATENATE("ChestData", SUBSTITUTE($B$100," ",""))),5,FALSE)+HLOOKUP($J$100,INDIRECT(CONCATENATE("ChestData", SUBSTITUTE($B$100," ",""))),7,FALSE)*(MOD(N$101-1, 5)+1) -> 0.69 | O102: =VLOOKUP($B102,INDIRECT(CONCATENATE("ChestData", SUBSTITUTE($B$100," ",""))),6,FALSE)+HLOOKUP($O$100,INDIRECT(CONCATENATE("ChestData", SUBSTITUTE($B$100," ",""))),7,FALSE)*(MOD(O$101-1, 5)+1) -> 0.955 | P102: =VLOOKUP($B102,INDIRECT(CONCATENATE("ChestData", SUBSTITUTE($B$100," ",""))),6,FALSE)+HLOOKUP($O$100,INDIRECT(CONCATENATE("ChestData", SUBSTITUTE($B$100," ",""))),7,FALSE)*(MOD(P$101-1, 5)+1) -> 0.93075 | Q102: =VLOOKUP($B102,INDIRECT(CONCATENATE("ChestData", SUBSTITUTE($B$100," ",""))),6,FALSE)+HLOOKUP($O$100,INDIRECT(CONCATENATE("ChestData", SUBSTITUTE($B$100," ",""))),7,FALSE)*(MOD(Q$101-1, 5)+1) -> 0.9065 | R102: =VLOOKUP($B102,INDIRECT(CONCATENATE("ChestData", SUBSTITUTE($B$100," ",""))),6,FALSE)+HLOOKUP($O$100,INDIRECT(CONCATENATE("ChestData", SUBSTITUTE($B$100," ",""))),7,FALSE)*(MOD(R$101-1, 5)+1) -> 0.88225 | S102: =VLOOKUP($B102,INDIRECT(CONCATENATE("ChestData", SUBSTITUTE($B$100," ",""))),6,FALSE)+HLOOKUP($O$100,INDIRECT(CONCATENATE("ChestData", SUBSTITUTE($B$100," ",""))),7,FALSE)*(MOD(S$101-1, 5)+1) -> 0.858
B103: 8 Giant 8 | D103: =VLOOKUP($B103,INDIRECT(CONCATENATE("ChestData", SUBSTITUTE($B$100," ",""))),3,FALSE) -> 0.17 | E103: =VLOOKUP($B103,INDIRECT(CONCATENATE("ChestData", SUBSTITUTE($B$100," ",""))),4,FALSE)+HLOOKUP($E$100,INDIRECT(CONCATENATE("ChestData", SUBSTITUTE($B$100," ",""))),8,FALSE)*(MOD(E$101-1, 5)+1) -> 0.1 | F103: =VLOOKUP($B103,INDIRECT(CONCATENATE("ChestData", SUBSTITUTE($B$100," ",""))),4,FALSE)+HLOOKUP($E$100,INDIRECT(CONCATENATE("ChestData", SUBSTITUTE($B$100," ",""))),8,FALSE)*(MOD(F$101-1, 5)+1) -> 0.1 | G103: =VLOOKUP($B103,INDIRECT(CONCATENATE("ChestData", SUBSTITUTE($B$100," ",""))),4,FALSE)+HLOOKUP($E$100,INDIRECT(CONCATENATE("ChestData", SUBSTITUTE($B$100," ",""))),8,FALSE)*(MOD(G$101-1, 5)+1) -> 0.1 | H103: =VLOOKUP($B103,INDIRECT(CONCATENATE("ChestData", SUBSTITUTE($B$100," ",""))),4,FALSE)+HLOOKUP($E$100,INDIRECT(CONCATENATE("ChestData", SUBSTITUTE($B$100," ",""))),8,FALSE)*(MOD(H$101-1, 5)+1) -> 0.1 | I103: =VLOOKUP($B103,INDIRECT(CONCATENATE("ChestData", SUBSTITUTE($B$100," ",""))),4,FALSE)+HLOOKUP($E$100,INDIRECT(CONCATENATE("ChestData", SUBSTITUTE($B$100," ",""))),8,FALSE)*(MOD(I$101-1, 5)+1) -> 0.1 | J103: =VLOOKUP($B103,INDIRECT(CONCATENATE("ChestData", SUBSTITUTE($B$100," ",""))),5,FALSE)+HLOOKUP($J$100,INDIRECT(CONCATENATE("ChestData", SUBSTITUTE($B$100," ",""))),8,FALSE)*(MOD(J$101-1, 5)+1) -> 0.1 | K103: =VLOOKUP($B103,INDIRECT(CONCATENATE("ChestData", SUBSTITUTE($B$100," ",""))),5,FALSE)+HLOOKUP($J$100,INDIRECT(CONCATENATE("ChestData", SUBSTITUTE($B$100," ",""))),8,FALSE)*(MOD(K$101-1, 5)+1) -> 0.1 | L103: =VLOOKUP($B103,INDIRECT(CONCATENATE("ChestData", SUBSTITUTE($B$100," ",""))),5,FALSE)+HLOOKUP($J$100,INDIRECT(CONCATENATE("ChestData", SUBSTITUTE($B$100," ",""))),8,FALSE)*(MOD(L$101-1, 5)+1) -> 0.1 | M103: =VLOOKUP($B103,INDIRECT(CONCATENATE("ChestData", SUBSTITUTE($B$100," ",""))),5,FALSE)+HLOOKUP($J$100,INDIRECT(CONCATENATE("ChestData", SUBSTITUTE($B$100," ",""))),8,FALSE)*(MOD(M$101-1, 5)+1) -> 0.1 | N103: =VLOOKUP($B103,INDIRECT(CONCATENATE("ChestData", SUBSTITUTE($B$100," ",""))),5,FALSE)+HLOOKUP($J$100,INDIRECT(CONCATENATE("ChestData", SUBSTITUTE($B$100," ",""))),8,FALSE)*(MOD(N$101-1, 5)+1) -> 0.1 | O103: =VLOOKUP($B103,INDIRECT(CONCATENATE("ChestData", SUBSTITUTE($B$100," ",""))),6,FALSE)+HLOOKUP($O$100,INDIRECT(CONCATENATE("ChestData", SUBSTITUTE($B$100," ",""))),8,FALSE)*(MOD(O$101-1, 5)+1) -> 0 | P103: =VLOOKUP($B103,INDIRECT(CONCATENATE("ChestData", SUBSTITUTE($B$100," ",""))),6,FALSE)+HLOOKUP($O$100,INDIRECT(CONCATENATE("ChestData", SUBSTITUTE($B$100," ",""))),8,FALSE)*(MOD(P$101-1, 5)+1) -> 0 | Q103: =VLOOKUP($B103,INDIRECT(CONCATENATE("ChestData", SUBSTITUTE($B$100," ",""))),6,FALSE)+HLOOKUP($O$100,INDIRECT(CONCATENATE("ChestData", SUBSTITUTE($B$100," ",""))),8,FALSE)*(MOD(Q$101-1, 5)+1) -> 0 | R103: =VLOOKUP($B103,INDIRECT(CONCATENATE("ChestData", SUBSTITUTE($B$100," ",""))),6,FALSE)+HLOOKUP($O$100,INDIRECT(CONCATENATE("ChestData", SUBSTITUTE($B$100," ",""))),8,FALSE)*(MOD(R$101-1, 5)+1) -> 0 | S103: =VLOOKUP($B103,INDIRECT(CONCATENATE("ChestData", SUBSTITUTE($B$100," ",""))),6,FALSE)+HLOOKUP($O$100,INDIRECT(CONCATENATE("ChestData", SUBSTITUTE($B$100," ",""))),8,FALSE)*(MOD(S$101-1, 5)+1) -> 0
B104: Ω Omega Ω | D104: =VLOOKUP($B104,INDIRECT(CONCATENATE("ChestData", SUBSTITUTE($B$100," ",""))),3,FALSE) -> 0.035 | E104: =VLOOKUP($B104,INDIRECT(CONCATENATE("ChestData", SUBSTITUTE($B$100," ",""))),4,FALSE)+HLOOKUP($E$100,INDIRECT(CONCATENATE("ChestData", SUBSTITUTE($B$100," ",""))),9,FALSE)*(MOD(E$101-1, 5)+1) -> 0.039 | F104: =VLOOKUP($B104,INDIRECT(CONCATENATE("ChestData", SUBSTITUTE($B$100," ",""))),4,FALSE)+HLOOKUP($E$100,INDIRECT(CONCATENATE("ChestData", SUBSTITUTE($B$100," ",""))),9,FALSE)*(MOD(F$101-1, 5)+1) -> 0.048 | G104: =VLOOKUP($B104,INDIRECT(CONCATENATE("ChestData", SUBSTITUTE($B$100," ",""))),4,FALSE)+HLOOKUP($E$100,INDIRECT(CONCATENATE("ChestData", SUBSTITUTE($B$100," ",""))),9,FALSE)*(MOD(G$101-1, 5)+1) -> 0.057 | H104: =VLOOKUP($B104,INDIRECT(CONCATENATE("ChestData", SUBSTITUTE($B$100," ",""))),4,FALSE)+HLOOKUP($E$100,INDIRECT(CONCATENATE("ChestData", SUBSTITUTE($B$100," ",""))),9,FALSE)*(MOD(H$101-1, 5)+1) -> 0.066 | I104: =VLOOKUP($B104,INDIRECT(CONCATENATE("ChestData", SUBSTITUTE($B$100," ",""))),4,FALSE)+HLOOKUP($E$100,INDIRECT(CONCATENATE("ChestData", SUBSTITUTE($B$100," ",""))),9,FALSE)*(MOD(I$101-1, 5)+1) -> 0.075 | J104: =VLOOKUP($B104,INDIRECT(CONCATENATE("ChestData", SUBSTITUTE($B$100," ",""))),5,FALSE)+HLOOKUP($J$100,INDIRECT(CONCATENATE("ChestData", SUBSTITUTE($B$100," ",""))),9,FALSE)*(MOD(J$101-1, 5)+1) -> 0.07 | K104: =VLOOKUP($B104,INDIRECT(CONCATENATE("ChestData", SUBSTITUTE($B$100," ",""))),5,FALSE)+HLOOKUP($J$100,INDIRECT(CONCATENATE("ChestData", SUBSTITUTE($B$100," ",""))),9,FALSE)*(MOD(K$101-1, 5)+1) -> 0.1 | L104: =VLOOKUP($B104,INDIRECT(CONCATENATE("ChestData", SUBSTITUTE($B$100," ",""))),5,FALSE)+HLOOKUP($J$100,INDIRECT(CONCATENATE("ChestData", SUBSTITUTE($B$100," ",""))),9,FALSE)*(MOD(L$101-1, 5)+1) -> 0.13 | M104: =VLOOKUP($B104,INDIRECT(CONCATENATE("ChestData", SUBSTITUTE($B$100," ",""))),5,FALSE)+HLOOKUP($J$100,INDIRECT(CONCATENATE("ChestData", SUBSTITUTE($B$100," ",""))),9,FALSE)*(MOD(M$101-1, 5)+1) -> 0.16 | N104: =VLOOKUP($B104,INDIRECT(CONCATENATE("ChestData", SUBSTITUTE($B$100," ",""))),5,FALSE)+HLOOKUP($J$100,INDIRECT(CONCATENATE("ChestData", SUBSTITUTE($B$100," ",""))),9,FALSE)*(MOD(N$101-1, 5)+1) -> 0.19 | O104: =VLOOKUP($B104,INDIRECT(CONCATENATE("ChestData", SUBSTITUTE($B$100," ",""))),6,FALSE)+HLOOKUP($O$100,INDIRECT(CONCATENATE("ChestData", SUBSTITUTE($B$100," ",""))),9,FALSE)*(MOD(O$101-1, 5)+1) -> 0.04 | P104: =VLOOKUP($B104,INDIRECT(CONCATENATE("ChestData", SUBSTITUTE($B$100," ",""))),6,FALSE)+HLOOKUP($O$100,INDIRECT(CONCATENATE("ChestData", SUBSTITUTE($B$100," ",""))),9,FALSE)*(MOD(P$101-1, 5)+1) -> 0.06 | Q104: =VLOOKUP($B104,INDIRECT(CONCATENATE("ChestData", SUBSTITUTE($B$100," ",""))),6,FALSE)+HLOOKUP($O$100,INDIRECT(CONCATENATE("ChestData", SUBSTITUTE($B$100," ",""))),9,FALSE)*(MOD(Q$101-1, 5)+1) -> 0.08 | R104: =VLOOKUP($B104,INDIRECT(CONCATENATE("ChestData", SUBSTITUTE($B$100," ",""))),6,FALSE)+HLOOKUP($O$100,INDIRECT(CONCATENATE("ChestData", SUBSTITUTE($B$100," ",""))),9,FALSE)*(MOD(R$101-1, 5)+1) -> 0.1 | S104: =VLOOKUP($B104,INDIRECT(CONCATENATE("ChestData", SUBSTITUTE($B$100," ",""))),6,FALSE)+HLOOKUP($O$100,INDIRECT(CONCATENATE("ChestData", SUBSTITUTE($B$100," ",""))),9,FALSE)*(MOD(S$101-1, 5)+1) -> 0.12
B105: Δ Delta Δ | D105: =VLOOKUP($B105,INDIRECT(CONCATENATE("ChestData", SUBSTITUTE($B$100," ",""))),3,FALSE) -> 0.005 | E105: =VLOOKUP($B105,INDIRECT(CONCATENATE("ChestData", SUBSTITUTE($B$100," ",""))),4,FALSE)+HLOOKUP($E$100,INDIRECT(CONCATENATE("ChestData", SUBSTITUTE($B$100," ",""))),10,FALSE)*(MOD(E$101-1, 5)+1) -> 0.006 | F105: =VLOOKUP($B105,INDIRECT(CONCATENATE("ChestData", SUBSTITUTE($B$100," ",""))),4,FALSE)+HLOOKUP($E$100,INDIRECT(CONCATENATE("ChestData", SUBSTITUTE($B$100," ",""))),10,FALSE)*(MOD(F$101-1, 5)+1) -> 0.007 | G105: =VLOOKUP($B105,INDIRECT(CONCATENATE("ChestData", SUBSTITUTE($B$100," ",""))),4,FALSE)+HLOOKUP($E$100,INDIRECT(CONCATENATE("ChestData", SUBSTITUTE($B$100," ",""))),10,FALSE)*(MOD(G$101-1, 5)+1) -> 0.008 | H105: =VLOOKUP($B105,INDIRECT(CONCATENATE("ChestData", SUBSTITUTE($B$100," ",""))),4,FALSE)+HLOOKUP($E$100,INDIRECT(CONCATENATE("ChestData", SUBSTITUTE($B$100," ",""))),10,FALSE)*(MOD(H$101-1, 5)+1) -> 0.009 | I105: =VLOOKUP($B105,INDIRECT(CONCATENATE("ChestData", SUBSTITUTE($B$100," ",""))),4,FALSE)+HLOOKUP($E$100,INDIRECT(CONCATENATE("ChestData", SUBSTITUTE($B$100," ",""))),10,FALSE)*(MOD(I$101-1, 5)+1) -> 0.01 | J105: =VLOOKUP($B105,INDIRECT(CONCATENATE("ChestData", SUBSTITUTE($B$100," ",""))),5,FALSE)+HLOOKUP($J$100,INDIRECT(CONCATENATE("ChestData", SUBSTITUTE($B$100," ",""))),10,FALSE)*(MOD(J$101-1, 5)+1) -> 0.012 | K105: =VLOOKUP($B105,INDIRECT(CONCATENATE("ChestData", SUBSTITUTE($B$100," ",""))),5,FALSE)+HLOOKUP($J$100,INDIRECT(CONCATENATE("ChestData", SUBSTITUTE($B$100," ",""))),10,FALSE)*(MOD(K$101-1, 5)+1) -> 0.014 | L105: =VLOOKUP($B105,INDIRECT(CONCATENATE("ChestData", SUBSTITUTE($B$100," ",""))),5,FALSE)+HLOOKUP($J$100,INDIRECT(CONCATENATE("ChestData", SUBSTITUTE($B$100," ",""))),10,FALSE)*(MOD(L$101-1, 5)+1) -> 0.016 | M105: =VLOOKUP($B105,INDIRECT(CONCATENATE("ChestData", SUBSTITUTE($B$100," ",""))),5,FALSE)+HLOOKUP($J$100,INDIRECT(CONCATENATE("ChestData", SUBSTITUTE($B$100," ",""))),10,FALSE)*(MOD(M$101-1, 5)+1) -> 0.018 | N105: =VLOOKUP($B105,INDIRECT(CONCATENATE("ChestData", SUBSTITUTE($B$100," ",""))),5,FALSE)+HLOOKUP($J$100,INDIRECT(CONCATENATE("ChestData", SUBSTITUTE($B$100," ",""))),10,FALSE)*(MOD(N$101-1, 5)+1) -> 0.02 | O105: =VLOOKUP($B105,INDIRECT(CONCATENATE("ChestData", SUBSTITUTE($B$100," ",""))),6,FALSE)+HLOOKUP($O$100,INDIRECT(CONCATENATE("ChestData", SUBSTITUTE($B$100," ",""))),10,FALSE)*(MOD(O$101-1, 5)+1) -> 0.002 | P105: =VLOOKUP($B105,INDIRECT(CONCATENATE("ChestData", SUBSTITUTE($B$100," ",""))),6,FALSE)+HLOOKUP($O$100,INDIRECT(CONCATENATE("ChestData", SUBSTITUTE($B$100," ",""))),10,FALSE)*(MOD(P$101-1, 5)+1) -> 0.0035 | Q105: =VLOOKUP($B105,INDIRECT(CONCATENATE("ChestData", SUBSTITUTE($B$100," ",""))),6,FALSE)+HLOOKUP($O$100,INDIRECT(CONCATENATE("ChestData", SUBSTITUTE($B$100," ",""))),10,FALSE)*(MOD(Q$101-1, 5)+1) -> 0.005 | R105: =VLOOKUP($B105,INDIRECT(CONCATENATE("ChestData", SUBSTITUTE($B$100," ",""))),6,FALSE)+HLOOKUP($O$100,INDIRECT(CONCATENATE("ChestData", SUBSTITUTE($B$100," ",""))),10,FALSE)*(MOD(R$101-1, 5)+1) -> 0.0065 | S105: =VLOOKUP($B105,INDIRECT(CONCATENATE("ChestData", SUBSTITUTE($B$100," ",""))),6,FALSE)+HLOOKUP($O$100,INDIRECT(CONCATENATE("ChestData", SUBSTITUTE($B$100," ",""))),10,FALSE)*(MOD(S$101-1, 5)+1) -> 0.008
B106: Emerald Egg | D106: 0 | E106: 0 | F106: 0 | G106: 0 | H106: 0 | I106: 0 | J106: 0 | K106: 0 | L106: 0 | M106: 0 | N106: 0 | O106: =VLOOKUP($B106,INDIRECT(CONCATENATE("ChestData", SUBSTITUTE($B$100," ",""))),6,FALSE)+HLOOKUP($O$100,INDIRECT(CONCATENATE("ChestData", SUBSTITUTE($B$100," ",""))),11,FALSE)*(MOD(O$101-1, 5)+1) -> 0.003 | P106: =VLOOKUP($B106,INDIRECT(CONCATENATE("ChestData", SUBSTITUTE($B$100," ",""))),6,FALSE)+HLOOKUP($O$100,INDIRECT(CONCATENATE("ChestData", SUBSTITUTE($B$100," ",""))),11,FALSE)*(MOD(P$101-1, 5)+1) -> 0.00575 | Q106: =VLOOKUP($B106,INDIRECT(CONCATENATE("ChestData", SUBSTITUTE($B$100," ",""))),6,FALSE)+HLOOKUP($O$100,INDIRECT(CONCATENATE("ChestData", SUBSTITUTE($B$100," ",""))),11,FALSE)*(MOD(Q$101-1, 5)+1) -> 0.0085 | R106: =VLOOKUP($B106,INDIRECT(CONCATENATE("ChestData", SUBSTITUTE($B$100," ",""))),6,FALSE)+HLOOKUP($O$100,INDIRECT(CONCATENATE("ChestData", SUBSTITUTE($B$100," ",""))),11,FALSE)*(MOD(R$101-1, 5)+1) -> 0.01125 | S106: =VLOOKUP($B106,INDIRECT(CONCATENATE("ChestData", SUBSTITUTE($B$100," ",""))),6,FALSE)+HLOOKUP($O$100,INDIRECT(CONCATENATE("ChestData", SUBSTITUTE($B$100," ",""))),11,FALSE)*(MOD(S$101-1, 5)+1) -> 0.014
B107: Average Value per Clear | D107: =('Enchant Stats'!$D$38*D102)+('Enchant Stats'!$D$39*D103)+('Enchant Stats'!$D$40*D104)+('Enchant Stats'!$D$41*D105 ) -> 0.28367604 | E107: =('Enchant Stats'!$D$38*E102)+('Enchant Stats'!$D$39*E103)+('Enchant Stats'!$D$40*E104)+('Enchant Stats'!$D$41*E105 ) -> 0.30657017 | F107: =('Enchant Stats'!$D$38*F102)+('Enchant Stats'!$D$39*F103)+('Enchant Stats'!$D$40*F104)+('Enchant Stats'!$D$41*F105 ) -> 0.35844774 | G107: =('Enchant Stats'!$D$38*G102)+('Enchant Stats'!$D$39*G103)+('Enchant Stats'!$D$40*G104)+('Enchant Stats'!$D$41*G105 ) -> 0.4103253 | H107: =('Enchant Stats'!$D$38*H102)+('Enchant Stats'!$D$39*H103)+('Enchant Stats'!$D$40*H104)+('Enchant Stats'!$D$41*H105 ) -> 0.46220287 | I107: =('Enchant Stats'!$D$38*I102)+('Enchant Stats'!$D$39*I103)+('Enchant Stats'!$D$40*I104)+('Enchant Stats'!$D$41*I105 ) -> 0.51408044 | J107: =('Enchant Stats'!$D$38*J102)+('Enchant Stats'!$D$39*J103)+('Enchant Stats'!$D$40*J104)+('Enchant Stats'!$D$41*J105 ) -> 0.55506019 | K107: =('Enchant Stats'!$D$38*K102)+('Enchant Stats'!$D$39*K103)+('Enchant Stats'!$D$40*K104)+('Enchant Stats'!$D$41*K105 ) -> 0.6915677 | ... S107: =('Enchant Stats'!$D$38*S102)+('Enchant Stats'!$D$39*S103)+('Enchant Stats'!$D$40*S104)+('Enchant Stats'!$D$41*S105 ) -> 0.56016509
B109: Icy Ridge | E109: Cyan | J109: Yellow | O109: Green
B110: Star Level | D110: 5 | E110: 6 | F110: 7 | G110: 8 | H110: 9 | I110: 10 | J110: 11 | K110: 12 | L110: 13 | M110: 14 | N110: 15 | O110: 16 | P110: 17 | Q110: 18 | R110: 19 | S110: 20
B111: o Common o | D111: =VLOOKUP($B111,INDIRECT(CONCATENATE("ChestData", SUBSTITUTE($B$109," ",""))),3,FALSE) -> 0.79 | E111: =VLOOKUP($B111,INDIRECT(CONCATENATE("ChestData", SUBSTITUTE($B$109," ",""))),4,FALSE)+HLOOKUP($E$109,INDIRECT(CONCATENATE("ChestData", SUBSTITUTE($B$109," ",""))),7,FALSE)*(MOD(E$110-1, 5)+1) -> 0.7335 | F111: =VLOOKUP($B111,INDIRECT(CONCATENATE("ChestData", SUBSTITUTE($B$109," ",""))),4,FALSE)+HLOOKUP($E$109,INDIRECT(CONCATENATE("ChestData", SUBSTITUTE($B$109," ",""))),7,FALSE)*(MOD(F$110-1, 5)+1) -> 0.727 | G111: =VLOOKUP($B111,INDIRECT(CONCATENATE("ChestData", SUBSTITUTE($B$109," ",""))),4,FALSE)+HLOOKUP($E$109,INDIRECT(CONCATENATE("ChestData", SUBSTITUTE($B$109," ",""))),7,FALSE)*(MOD(G$110-1, 5)+1) -> 0.7205 | H111: =VLOOKUP($B111,INDIRECT(CONCATENATE("ChestData", SUBSTITUTE($B$109," ",""))),4,FALSE)+HLOOKUP($E$109,INDIRECT(CONCATENATE("ChestData", SUBSTITUTE($B$109," ",""))),7,FALSE)*(MOD(H$110-1, 5)+1) -> 0.714 | I111: =VLOOKUP($B111,INDIRECT(CONCATENATE("ChestData", SUBSTITUTE($B$109," ",""))),4,FALSE)+HLOOKUP($E$109,INDIRECT(CONCATENATE("ChestData", SUBSTITUTE($B$109," ",""))),7,FALSE)*(MOD(I$110-1, 5)+1) -> 0.7075 | J111: =VLOOKUP($B111,INDIRECT(CONCATENATE("ChestData", SUBSTITUTE($B$109," ",""))),5,FALSE)+HLOOKUP($J$109,INDIRECT(CONCATENATE("ChestData", SUBSTITUTE($B$109," ",""))),7,FALSE)*(MOD(J$110-1, 5)+1) -> 0.7092 | K111: =VLOOKUP($B111,INDIRECT(CONCATENATE("ChestData", SUBSTITUTE($B$109," ",""))),5,FALSE)+HLOOKUP($J$109,INDIRECT(CONCATENATE("ChestData", SUBSTITUTE($B$109," ",""))),7,FALSE)*(MOD(K$110-1, 5)+1) -> 0.6984 | L111: =VLOOKUP($B111,INDIRECT(CONCATENATE("ChestData", SUBSTITUTE($B$109," ",""))),5,FALSE)+HLOOKUP($J$109,INDIRECT(CONCATENATE("ChestData", SUBSTITUTE($B$109," ",""))),7,FALSE)*(MOD(L$110-1, 5)+1) -> 0.6876 | M111: =VLOOKUP($B111,INDIRECT(CONCATENATE("ChestData", SUBSTITUTE($B$109," ",""))),5,FALSE)+HLOOKUP($J$109,INDIRECT(CONCATENATE("ChestData", SUBSTITUTE($B$109," ",""))),7,FALSE)*(MOD(M$110-1, 5)+1) -> 0.6768 | N111: =VLOOKUP($B111,INDIRECT(CONCATENATE("ChestData", SUBSTITUTE($B$109," ",""))),5,FALSE)+HLOOKUP($J$109,INDIRECT(CONCATENATE("ChestData", SUBSTITUTE($B$109," ",""))),7,FALSE)*(MOD(N$110-1, 5)+1) -> 0.666 | O111: =VLOOKUP($B111,INDIRECT(CONCATENATE("ChestData", SUBSTITUTE($B$109," ",""))),6,FALSE)+HLOOKUP($O$109,INDIRECT(CONCATENATE("ChestData", SUBSTITUTE($B$109," ",""))),7,FALSE)*(MOD(O$110-1, 5)+1) -> 0.9555 | P111: =VLOOKUP($B111,INDIRECT(CONCATENATE("ChestData", SUBSTITUTE($B$109," ",""))),6,FALSE)+HLOOKUP($O$109,INDIRECT(CONCATENATE("ChestData", SUBSTITUTE($B$109," ",""))),7,FALSE)*(MOD(P$110-1, 5)+1) -> 0.93175 | Q111: =VLOOKUP($B111,INDIRECT(CONCATENATE("ChestData", SUBSTITUTE($B$109," ",""))),6,FALSE)+HLOOKUP($O$109,INDIRECT(CONCATENATE("ChestData", SUBSTITUTE($B$109," ",""))),7,FALSE)*(MOD(Q$110-1, 5)+1) -> 0.908 | R111: =VLOOKUP($B111,INDIRECT(CONCATENATE("ChestData", SUBSTITUTE($B$109," ",""))),6,FALSE)+HLOOKUP($O$109,INDIRECT(CONCATENATE("ChestData", SUBSTITUTE($B$109," ",""))),7,FALSE)*(MOD(R$110-1, 5)+1) -> 0.88425 | S111: =VLOOKUP($B111,INDIRECT(CONCATENATE("ChestData", SUBSTITUTE($B$109," ",""))),6,FALSE)+HLOOKUP($O$109,INDIRECT(CONCATENATE("ChestData", SUBSTITUTE($B$109," ",""))),7,FALSE)*(MOD(S$110-1, 5)+1) -> 0.8605
B112: 8 Giant 8 | D112: =VLOOKUP($B112,INDIRECT(CONCATENATE("ChestData", SUBSTITUTE($B$109," ",""))),3,FALSE) -> 0.14 | E112: =VLOOKUP($B112,INDIRECT(CONCATENATE("ChestData", SUBSTITUTE($B$109," ",""))),4,FALSE)+HLOOKUP($E$109,INDIRECT(CONCATENATE("ChestData", SUBSTITUTE($B$109," ",""))),8,FALSE)*(MOD(E$110-1, 5)+1) -> 0.2 | F112: =VLOOKUP($B112,INDIRECT(CONCATENATE("ChestData", SUBSTITUTE($B$109," ",""))),4,FALSE)+HLOOKUP($E$109,INDIRECT(CONCATENATE("ChestData", SUBSTITUTE($B$109," ",""))),8,FALSE)*(MOD(F$110-1, 5)+1) -> 0.2 | G112: =VLOOKUP($B112,INDIRECT(CONCATENATE("ChestData", SUBSTITUTE($B$109," ",""))),4,FALSE)+HLOOKUP($E$109,INDIRECT(CONCATENATE("ChestData", SUBSTITUTE($B$109," ",""))),8,FALSE)*(MOD(G$110-1, 5)+1) -> 0.2 | H112: =VLOOKUP($B112,INDIRECT(CONCATENATE("ChestData", SUBSTITUTE($B$109," ",""))),4,FALSE)+HLOOKUP($E$109,INDIRECT(CONCATENATE("ChestData", SUBSTITUTE($B$109," ",""))),8,FALSE)*(MOD(H$110-1, 5)+1) -> 0.2 | I112: =VLOOKUP($B112,INDIRECT(CONCATENATE("ChestData", SUBSTITUTE($B$109," ",""))),4,FALSE)+HLOOKUP($E$109,INDIRECT(CONCATENATE("ChestData", SUBSTITUTE($B$109," ",""))),8,FALSE)*(MOD(I$110-1, 5)+1) -> 0.2 | J112: =VLOOKUP($B112,INDIRECT(CONCATENATE("ChestData", SUBSTITUTE($B$109," ",""))),5,FALSE)+HLOOKUP($J$109,INDIRECT(CONCATENATE("ChestData", SUBSTITUTE($B$109," ",""))),8,FALSE)*(MOD(J$110-1, 5)+1) -> 0.2 | K112: =VLOOKUP($B112,INDIRECT(CONCATENATE("ChestData", SUBSTITUTE($B$109," ",""))),5,FALSE)+HLOOKUP($J$109,INDIRECT(CONCATENATE("ChestData", SUBSTITUTE($B$109," ",""))),8,FALSE)*(MOD(K$110-1, 5)+1) -> 0.2 | L112: =VLOOKUP($B112,INDIRECT(CONCATENATE("ChestData", SUBSTITUTE($B$109," ",""))),5,FALSE)+HLOOKUP($J$109,INDIRECT(CONCATENATE("ChestData", SUBSTITUTE($B$109," ",""))),8,FALSE)*(MOD(L$110-1, 5)+1) -> 0.2 | M112: =VLOOKUP($B112,INDIRECT(CONCATENATE("ChestData", SUBSTITUTE($B$109," ",""))),5,FALSE)+HLOOKUP($J$109,INDIRECT(CONCATENATE("ChestData", SUBSTITUTE($B$109," ",""))),8,FALSE)*(MOD(M$110-1, 5)+1) -> 0.2 | N112: =VLOOKUP($B112,INDIRECT(CONCATENATE("ChestData", SUBSTITUTE($B$109," ",""))),5,FALSE)+HLOOKUP($J$109,INDIRECT(CONCATENATE("ChestData", SUBSTITUTE($B$109," ",""))),8,FALSE)*(MOD(N$110-1, 5)+1) -> 0.2 | O112: =VLOOKUP($B112,INDIRECT(CONCATENATE("ChestData", SUBSTITUTE($B$109," ",""))),6,FALSE)+HLOOKUP($O$109,INDIRECT(CONCATENATE("ChestData", SUBSTITUTE($B$109," ",""))),8,FALSE)*(MOD(O$110-1, 5)+1) -> 0 | P112: =VLOOKUP($B112,INDIRECT(CONCATENATE("ChestData", SUBSTITUTE($B$109," ",""))),6,FALSE)+HLOOKUP($O$109,INDIRECT(CONCATENATE("ChestData", SUBSTITUTE($B$109," ",""))),8,FALSE)*(MOD(P$110-1, 5)+1) -> 0 | Q112: =VLOOKUP($B112,INDIRECT(CONCATENATE("ChestData", SUBSTITUTE($B$109," ",""))),6,FALSE)+HLOOKUP($O$109,INDIRECT(CONCATENATE("ChestData", SUBSTITUTE($B$109," ",""))),8,FALSE)*(MOD(Q$110-1, 5)+1) -> 0 | R112: =VLOOKUP($B112,INDIRECT(CONCATENATE("ChestData", SUBSTITUTE($B$109," ",""))),6,FALSE)+HLOOKUP($O$109,INDIRECT(CONCATENATE("ChestData", SUBSTITUTE($B$109," ",""))),8,FALSE)*(MOD(R$110-1, 5)+1) -> 0 | S112: =VLOOKUP($B112,INDIRECT(CONCATENATE("ChestData", SUBSTITUTE($B$109," ",""))),6,FALSE)+HLOOKUP($O$109,INDIRECT(CONCATENATE("ChestData", SUBSTITUTE($B$109," ",""))),8,FALSE)*(MOD(S$110-1, 5)+1) -> 0
B113: Ω Omega Ω | D113: =VLOOKUP($B113,INDIRECT(CONCATENATE("ChestData", SUBSTITUTE($B$109," ",""))),3,FALSE) -> 0.06 | E113: =VLOOKUP($B113,INDIRECT(CONCATENATE("ChestData", SUBSTITUTE($B$109," ",""))),4,FALSE)+HLOOKUP($E$109,INDIRECT(CONCATENATE("ChestData", SUBSTITUTE($B$109," ",""))),9,FALSE)*(MOD(E$110-1, 5)+1) -> 0.056 | F113: =VLOOKUP($B113,INDIRECT(CONCATENATE("ChestData", SUBSTITUTE($B$109," ",""))),4,FALSE)+HLOOKUP($E$109,INDIRECT(CONCATENATE("ChestData", SUBSTITUTE($B$109," ",""))),9,FALSE)*(MOD(F$110-1, 5)+1) -> 0.062 | G113: =VLOOKUP($B113,INDIRECT(CONCATENATE("ChestData", SUBSTITUTE($B$109," ",""))),4,FALSE)+HLOOKUP($E$109,INDIRECT(CONCATENATE("ChestData", SUBSTITUTE($B$109," ",""))),9,FALSE)*(MOD(G$110-1, 5)+1) -> 0.068 | H113: =VLOOKUP($B113,INDIRECT(CONCATENATE("ChestData", SUBSTITUTE($B$109," ",""))),4,FALSE)+HLOOKUP($E$109,INDIRECT(CONCATENATE("ChestData", SUBSTITUTE($B$109," ",""))),9,FALSE)*(MOD(H$110-1, 5)+1) -> 0.074 | I113: =VLOOKUP($B113,INDIRECT(CONCATENATE("ChestData", SUBSTITUTE($B$109," ",""))),4,FALSE)+HLOOKUP($E$109,INDIRECT(CONCATENATE("ChestData", SUBSTITUTE($B$109," ",""))),9,FALSE)*(MOD(I$110-1, 5)+1) -> 0.08 | J113: =VLOOKUP($B113,INDIRECT(CONCATENATE("ChestData", SUBSTITUTE($B$109," ",""))),5,FALSE)+HLOOKUP($J$109,INDIRECT(CONCATENATE("ChestData", SUBSTITUTE($B$109," ",""))),9,FALSE)*(MOD(J$110-1, 5)+1) -> 0.07 | K113: =VLOOKUP($B113,INDIRECT(CONCATENATE("ChestData", SUBSTITUTE($B$109," ",""))),5,FALSE)+HLOOKUP($J$109,INDIRECT(CONCATENATE("ChestData", SUBSTITUTE($B$109," ",""))),9,FALSE)*(MOD(K$110-1, 5)+1) -> 0.08 | L113: =VLOOKUP($B113,INDIRECT(CONCATENATE("ChestData", SUBSTITUTE($B$109," ",""))),5,FALSE)+HLOOKUP($J$109,INDIRECT(CONCATENATE("ChestData", SUBSTITUTE($B$109," ",""))),9,FALSE)*(MOD(L$110-1, 5)+1) -> 0.09 | M113: =VLOOKUP($B113,INDIRECT(CONCATENATE("ChestData", SUBSTITUTE($B$109," ",""))),5,FALSE)+HLOOKUP($J$109,INDIRECT(CONCATENATE("ChestData", SUBSTITUTE($B$109," ",""))),9,FALSE)*(MOD(M$110-1, 5)+1) -> 0.1 | N113: =VLOOKUP($B113,INDIRECT(CONCATENATE("ChestData", SUBSTITUTE($B$109," ",""))),5,FALSE)+HLOOKUP($J$109,INDIRECT(CONCATENATE("ChestData", SUBSTITUTE($B$109," ",""))),9,FALSE)*(MOD(N$110-1, 5)+1) -> 0.11 | O113: =VLOOKUP($B113,INDIRECT(CONCATENATE("ChestData", SUBSTITUTE($B$109," ",""))),6,FALSE)+HLOOKUP($O$109,INDIRECT(CONCATENATE("ChestData", SUBSTITUTE($B$109," ",""))),9,FALSE)*(MOD(O$110-1, 5)+1) -> 0.04 | P113: =VLOOKUP($B113,INDIRECT(CONCATENATE("ChestData", SUBSTITUTE($B$109," ",""))),6,FALSE)+HLOOKUP($O$109,INDIRECT(CONCATENATE("ChestData", SUBSTITUTE($B$109," ",""))),9,FALSE)*(MOD(P$110-1, 5)+1) -> 0.06 | Q113: =VLOOKUP($B113,INDIRECT(CONCATENATE("ChestData", SUBSTITUTE($B$109," ",""))),6,FALSE)+HLOOKUP($O$109,INDIRECT(CONCATENATE("ChestData", SUBSTITUTE($B$109," ",""))),9,FALSE)*(MOD(Q$110-1, 5)+1) -> 0.08 | R113: =VLOOKUP($B113,INDIRECT(CONCATENATE("ChestData", SUBSTITUTE($B$109," ",""))),6,FALSE)+HLOOKUP($O$109,INDIRECT(CONCATENATE("ChestData", SUBSTITUTE($B$109," ",""))),9,FALSE)*(MOD(R$110-1, 5)+1) -> 0.1 | S113: =VLOOKUP($B113,INDIRECT(CONCATENATE("ChestData", SUBSTITUTE($B$109," ",""))),6,FALSE)+HLOOKUP($O$109,INDIRECT(CONCATENATE("ChestData", SUBSTITUTE($B$109," ",""))),9,FALSE)*(MOD(S$110-1, 5)+1) -> 0.12
B114: Δ Delta Δ | D114: =VLOOKUP($B114,INDIRECT(CONCATENATE("ChestData", SUBSTITUTE($B$109," ",""))),3,FALSE) -> 0.01 | E114: =VLOOKUP($B114,INDIRECT(CONCATENATE("ChestData", SUBSTITUTE($B$109," ",""))),4,FALSE)+HLOOKUP($E$109,INDIRECT(CONCATENATE("ChestData", SUBSTITUTE($B$109," ",""))),10,FALSE)*(MOD(E$110-1, 5)+1) -> 0.0105 | F114: =VLOOKUP($B114,INDIRECT(CONCATENATE("ChestData", SUBSTITUTE($B$109," ",""))),4,FALSE)+HLOOKUP($E$109,INDIRECT(CONCATENATE("ChestData", SUBSTITUTE($B$109," ",""))),10,FALSE)*(MOD(F$110-1, 5)+1) -> 0.011 | G114: =VLOOKUP($B114,INDIRECT(CONCATENATE("ChestData", SUBSTITUTE($B$109," ",""))),4,FALSE)+HLOOKUP($E$109,INDIRECT(CONCATENATE("ChestData", SUBSTITUTE($B$109," ",""))),10,FALSE)*(MOD(G$110-1, 5)+1) -> 0.0115 | H114: =VLOOKUP($B114,INDIRECT(CONCATENATE("ChestData", SUBSTITUTE($B$109," ",""))),4,FALSE)+HLOOKUP($E$109,INDIRECT(CONCATENATE("ChestData", SUBSTITUTE($B$109," ",""))),10,FALSE)*(MOD(H$110-1, 5)+1) -> 0.012 | I114: =VLOOKUP($B114,INDIRECT(CONCATENATE("ChestData", SUBSTITUTE($B$109," ",""))),4,FALSE)+HLOOKUP($E$109,INDIRECT(CONCATENATE("ChestData", SUBSTITUTE($B$109," ",""))),10,FALSE)*(MOD(I$110-1, 5)+1) -> 0.0125 | J114: =VLOOKUP($B114,INDIRECT(CONCATENATE("ChestData", SUBSTITUTE($B$109," ",""))),5,FALSE)+HLOOKUP($J$109,INDIRECT(CONCATENATE("ChestData", SUBSTITUTE($B$109," ",""))),10,FALSE)*(MOD(J$110-1, 5)+1) -> 0.0208 | K114: =VLOOKUP($B114,INDIRECT(CONCATENATE("ChestData", SUBSTITUTE($B$109," ",""))),5,FALSE)+HLOOKUP($J$109,INDIRECT(CONCATENATE("ChestData", SUBSTITUTE($B$109," ",""))),10,FALSE)*(MOD(K$110-1, 5)+1) -> 0.0216 | L114: =VLOOKUP($B114,INDIRECT(CONCATENATE("ChestData", SUBSTITUTE($B$109," ",""))),5,FALSE)+HLOOKUP($J$109,INDIRECT(CONCATENATE("ChestData", SUBSTITUTE($B$109," ",""))),10,FALSE)*(MOD(L$110-1, 5)+1) -> 0.0224 | M114: =VLOOKUP($B114,INDIRECT(CONCATENATE("ChestData", SUBSTITUTE($B$109," ",""))),5,FALSE)+HLOOKUP($J$109,INDIRECT(CONCATENATE("ChestData", SUBSTITUTE($B$109," ",""))),10,FALSE)*(MOD(M$110-1, 5)+1) -> 0.0232 | N114: =VLOOKUP($B114,INDIRECT(CONCATENATE("ChestData", SUBSTITUTE($B$109," ",""))),5,FALSE)+HLOOKUP($J$109,INDIRECT(CONCATENATE("ChestData", SUBSTITUTE($B$109," ",""))),10,FALSE)*(MOD(N$110-1, 5)+1) -> 0.024 | O114: =VLOOKUP($B114,INDIRECT(CONCATENATE("ChestData", SUBSTITUTE($B$109," ",""))),6,FALSE)+HLOOKUP($O$109,INDIRECT(CONCATENATE("ChestData", SUBSTITUTE($B$109," ",""))),10,FALSE)*(MOD(O$110-1, 5)+1) -> 0.002 | P114: =VLOOKUP($B114,INDIRECT(CONCATENATE("ChestData", SUBSTITUTE($B$109," ",""))),6,FALSE)+HLOOKUP($O$109,INDIRECT(CONCATENATE("ChestData", SUBSTITUTE($B$109," ",""))),10,FALSE)*(MOD(P$110-1, 5)+1) -> 0.0035 | Q114: =VLOOKUP($B114,INDIRECT(CONCATENATE("ChestData", SUBSTITUTE($B$109," ",""))),6,FALSE)+HLOOKUP($O$109,INDIRECT(CONCATENATE("ChestData", SUBSTITUTE($B$109," ",""))),10,FALSE)*(MOD(Q$110-1, 5)+1) -> 0.005 | R114: =VLOOKUP($B114,INDIRECT(CONCATENATE("ChestData", SUBSTITUTE($B$109," ",""))),6,FALSE)+HLOOKUP($O$109,INDIRECT(CONCATENATE("ChestData", SUBSTITUTE($B$109," ",""))),10,FALSE)*(MOD(R$110-1, 5)+1) -> 0.0065 | S114: =VLOOKUP($B114,INDIRECT(CONCATENATE("ChestData", SUBSTITUTE($B$109," ",""))),6,FALSE)+HLOOKUP($O$109,INDIRECT(CONCATENATE("ChestData", SUBSTITUTE($B$109," ",""))),10,FALSE)*(MOD(S$110-1, 5)+1) -> 0.008
B115: Emerald Egg | D115: 0 | E115: 0 | F115: 0 | G115: 0 | H115: 0 | I115: 0 | J115: 0 | K115: 0 | L115: 0 | M115: 0 | N115: 0 | O115: =VLOOKUP($B115,INDIRECT(CONCATENATE("ChestData", SUBSTITUTE($B$109," ",""))),6,FALSE)+HLOOKUP($O$109,INDIRECT(CONCATENATE("ChestData", SUBSTITUTE($B$109," ",""))),11,FALSE)*(MOD(O$110-1, 5)+1) -> 0.0025 | P115: =VLOOKUP($B115,INDIRECT(CONCATENATE("ChestData", SUBSTITUTE($B$109," ",""))),6,FALSE)+HLOOKUP($O$109,INDIRECT(CONCATENATE("ChestData", SUBSTITUTE($B$109," ",""))),11,FALSE)*(MOD(P$110-1, 5)+1) -> 0.00475 | Q115: =VLOOKUP($B115,INDIRECT(CONCATENATE("ChestData", SUBSTITUTE($B$109," ",""))),6,FALSE)+HLOOKUP($O$109,INDIRECT(CONCATENATE("ChestData", SUBSTITUTE($B$109," ",""))),11,FALSE)*(MOD(Q$110-1, 5)+1) -> 0.007 | R115: =VLOOKUP($B115,INDIRECT(CONCATENATE("ChestData", SUBSTITUTE($B$109," ",""))),6,FALSE)+HLOOKUP($O$109,INDIRECT(CONCATENATE("ChestData", SUBSTITUTE($B$109," ",""))),11,FALSE)*(MOD(R$110-1, 5)+1) -> 0.00925 | S115: =VLOOKUP($B115,INDIRECT(CONCATENATE("ChestData", SUBSTITUTE($B$109," ",""))),6,FALSE)+HLOOKUP($O$109,INDIRECT(CONCATENATE("ChestData", SUBSTITUTE($B$109," ",""))),11,FALSE)*(MOD(S$110-1, 5)+1) -> 0.0115
B116: Average Value per Clear | D116: =('Enchant Stats'!$D$38*D111)+('Enchant Stats'!$D$39*D112)+('Enchant Stats'!$D$40*D113)+('Enchant Stats'!$D$41*D114 ) -> 0.48190376 | E116: =('Enchant Stats'!$D$38*E111)+('Enchant Stats'!$D$39*E112)+('Enchant Stats'!$D$40*E113)+('Enchant Stats'!$D$41*E114 ) -> 0.49778862 | F116: =('Enchant Stats'!$D$38*F111)+('Enchant Stats'!$D$39*F112)+('Enchant Stats'!$D$40*F113)+('Enchant Stats'!$D$41*F114 ) -> 0.52782145 | G116: =('Enchant Stats'!$D$38*G111)+('Enchant Stats'!$D$39*G112)+('Enchant Stats'!$D$40*G113)+('Enchant Stats'!$D$41*G114 ) -> 0.55785428 | H116: =('Enchant Stats'!$D$38*H111)+('Enchant Stats'!$D$39*H112)+('Enchant Stats'!$D$40*H113)+('Enchant Stats'!$D$41*H114 ) -> 0.58788711 | I116: =('Enchant Stats'!$D$38*I111)+('Enchant Stats'!$D$39*I112)+('Enchant Stats'!$D$40*I113)+('Enchant Stats'!$D$41*I114 ) -> 0.61791994 | J116: =('Enchant Stats'!$D$38*J111)+('Enchant Stats'!$D$39*J112)+('Enchant Stats'!$D$40*J113)+('Enchant Stats'!$D$41*J114 ) -> 0.8173266 | K116: =('Enchant Stats'!$D$38*K111)+('Enchant Stats'!$D$39*K112)+('Enchant Stats'!$D$40*K113)+('Enchant Stats'!$D$41*K114 ) -> 0.86647088 | ... S116: =('Enchant Stats'!$D$38*S111)+('Enchant Stats'!$D$39*S112)+('Enchant Stats'!$D$40*S113)+('Enchant Stats'!$D$41*S114 ) -> 0.56020093
...
